,Country_x,Year,Total_Issued,Total_Not_Issued,Total,Acceptance_Rate,CountryID,Country_Name,WEBNAME,Region,World_Rank,Region_Rank,Score2017,Property_Rights,Judical_Effectiveness,Government_Integrity,Tax_Burden,Gov_Spending,Fiscal_Health,Business_Freedom,Labor_Freedom,Monetary_Freedom,Trade_Freedom,Investment_Freedom_,Financial_Freedom,Tariff_Rate,Income_Tax_Rate,Corporate_Tax_Rate,Tax_Burden_pct_GDP,Gov_Expenditure_pct_of_GDP,Country_y,Population_MM,GDP_Billions_PPP,GDP_Growth_Rate_,Five_Year_GDP_Growth_Rate,GDP_per_Capita_PPP,Unemployment,Inflation,FDI_Inflow_MM,Public_Debt_pct_GDP,Unnamed_34,Unnamed_35,Score2018
0,AFGHANISTAN,2017,1910,1164,3074,0.6213402732595966,1.0,AFGHANISTAN,Afghanistan,Asia-Pacific,163.0,40.0,48.9,12.6,28.4,27.5,91.6,79.9,97.3,54.2,59.9,69.3,66.0,0.0,0.0,7.0,20.0,20.0,6.5,27.1,Afghanistan,32.0,$62.3 ,1.5,5.4,"$1,947",9.6,-1.5,58.0,6.8,,,
1,AFGHANISTAN,2018,1123,18,1141,0.9842243645924628,1.0,AFGHANISTAN,Afghanistan,Asia-Pacific,154.0,38.0,,17.9,28.2,26.2,91.8,79.3,98.3,53.0,57.3,77.8,66.0,10.0,10.0,7.0,20.0,20.0,5.0,26.3,Afghanistan,33.4,$64.1 ,1.5,4.4,"$1,918.6",8.5,4.4,99.6,8.3,,,51.3
2,ALBANIA,2017,1150,93,1243,0.9251810136765889,2.0,ALBANIA,Albania,Europe,65.0,30.0,64.4,54.0,28.5,39.7,86.9,72.5,51.5,79.3,50.7,81.4,87.7,70.0,70.0,1.1,23.0,15.0,23.6,30.0,Albania,2.8,$32.7 ,2.6,1.9,"$11,301",17.3,1.9,"1,003.3",71.9,,,
3,ALBANIA,2018,1443,142,1585,0.910410094637224,2.0,ALBANIA,Albania,Europe,65.0,32.0,,54.1,25.4,39.9,85.1,72.7,67.5,69.1,50.4,82.4,87.8,70.0,70.0,1.1,23.0,15.0,27.2,30.1,Albania,2.9,$34.2 ,2.6,2.0,"$11,840.2",16.3,1.3,"1,124.3",71.5,,,64.5
4,ALGERIA,2017,503791,279740,783531,0.6429751981733971,3.0,ALGERIA,Algeria,Middle East / North Africa,172.0,14.0,46.5,38.2,29.6,31.7,81.1,51.0,19.8,62.1,49.5,67.0,63.3,35.0,30.0,8.4,35.0,23.0,11.7,44.4,Algeria,39.5,$578.7 ,3.7,3.3,"$14,504",10.5,4.8,-587.3,8.7,,,
5,ALGERIA,2018,386366,324291,710657,0.5436743745576277,3.0,ALGERIA,Algeria,Middle East / North Africa,172.0,14.0,,27.8,35.2,29.0,74.0,45.9,19.2,68.1,48.7,69.9,63.5,25.0,30.0,8.3,35.0,23.0,29.1,42.5,Algeria,40.8,$612.5 ,3.7,3.6,"$15,026.5",11.2,6.4,"1,546.0",20.4,,,44.7
6,ANGOLA,2017,88155,21569,109724,0.803424957165251,4.0,ANGOLA,Angola,Sub-Saharan Africa,165.0,41.0,48.5,36.4,19.8,12.8,87.7,58.6,70.7,58.5,40.4,70.6,56.7,30.0,40.0,11.7,17.0,30.0,6.5,28.9,Angola,25.1,$184.4 ,3.0,4.7,"$7,344",7.6,10.3,"8,680.9",62.3,,,
7,ANGOLA,2018,84214,23127,107341,0.7845464454402326,4.0,ANGOLA,Angola,Sub-Saharan Africa,164.0,40.0,,36.0,25.4,18.9,82.4,69.1,54.8,58.3,50.9,58.5,59.5,30.0,40.0,10.2,17.0,30.0,24.0,32.1,Angola,27.4,$187.3 ,3.0,4.0,"$6,844.4",6.6,32.4,"14,363.6",71.9,,,48.6
8,ARGENTINA,2017,928,65,993,0.9345417925478349,5.0,ARGENTINA,Argentina,Americas,156.0,26.0,50.4,32.4,39.6,38.2,62.6,54.6,56.4,57.3,46.1,50.9,66.7,50.0,50.0,6.6,35.0,35.0,35.9,43.9,Argentina,42.4,$972.0 ,1.2,2.7,"$22,554",6.7,26.5,"11,654.9",56.5,,,
9,ARGENTINA,2018,878,62,940,0.9340425531914893,5.0,ARGENTINA,Argentina,Americas,144.0,26.0,,40.8,44.5,32.6,65.7,55.6,52.6,56.2,43.3,51.3,70.3,55.0,60.0,7.4,35.0,35.0,31.3,38.5,Argentina,43.6,$874.1 ,1.2,-0.2,"$20,047.5",6.6,58.4,"5,745.2",51.3,,,52.3
10,ARMENIA,2017,57626,8473,66099,0.8718134918833871,6.0,ARMENIA,Armenia,Europe,33.0,19.0,70.3,55.5,42.5,43.4,83.7,81.7,82.9,78.5,72.4,72.8,80.2,80.0,70.0,2.4,26.0,20.0,23.5,26.4,Armenia,3.3,$25.3 ,3.0,4.3,"$8,468",16.3,3.7,180.5,46.6,,,
11,ARMENIA,2018,52100,6939,59039,0.8824675214688595,6.0,ARMENIA,Armenia,Europe,44.0,20.0,,55.3,47.4,40.5,84.7,80.0,67.2,78.7,69.9,75.8,80.0,75.0,70.0,2.5,26.0,20.0,21.3,25.8,Armenia,3.0,$25.8 ,3.0,3.5,"$8,621.0",16.8,-1.4,338.0,51.8,,,68.7
12,AUSTRALIA,2017,14045,437,14482,0.9698246098605166,7.0,AUSTRALIA,Australia,Asia-Pacific,5.0,4.0,81.0,81.7,92.9,74.8,63.2,59.0,84.6,89.3,84.1,86.4,86.2,80.0,90.0,1.9,45.0,30.0,27.5,37.2,Australia,23.9,"$1,138.1 ",2.5,2.7,"$47,389",6.3,1.5,"22,264.5",36.8,,,
13,AUSTRALIA,2018,14662,432,15094,0.9713793560355108,7.0,AUSTRALIA,Australia,Asia-Pacific,5.0,4.0,,78.7,93.4,77.4,63.0,61.2,84.3,89.1,79.7,87.4,86.2,80.0,90.0,1.9,45.0,30.0,27.8,36.0,Australia,24.3,"$1,187.3 ",2.5,2.7,"$48,899.1",5.7,1.3,"48,190.2",41.1,,,80.9
14,AZERBAIJAN,2017,52225,7942,60167,0.8680007312978876,9.0,AZERBAIJAN,Azerbaijan,Asia-Pacific,68.0,15.0,63.6,50.5,33.0,37.6,87.7,57.5,97.4,71.5,75.0,73.6,74.4,55.0,50.0,5.3,25.0,20.0,14.2,38.5,Azerbaijan,9.5,$169.4 ,1.1,2.4,"$17,993",4.7,4.0,"4,047.7",36.1,,,
15,AZERBAIJAN,2018,52496,6257,58753,0.8935033104692527,9.0,AZERBAIJAN,Azerbaijan,Asia-Pacific,67.0,14.0,,53.6,36.8,39.9,87.5,59.4,95.5,72.3,71.9,65.6,74.6,55.0,60.0,5.2,25.0,20.0,15.0,36.8,Azerbaijan,9.5,$165.5 ,1.1,1.6,"$17,438.6",5.1,12.4,"4,500.0",37.7,,,64.3
16,BAHRAIN,2017,22376,356,22732,0.9843392574344536,11.0,BAHRAIN,Bahrain,Middle East / North Africa,44.0,4.0,68.5,64.2,53.7,55.5,99.9,69.8,12.0,69.4,78.7,80.7,82.8,75.0,80.0,3.6,0.0,0.0,3.8,34.7,Bahrain,1.2,$64.8 ,3.2,3.7,"$50,095",1.2,1.8,"-1,462.8",63.3,,,
17,BAHRAIN,2018,22746,762,23508,0.9675855028075548,11.0,BAHRAIN,Bahrain,Middle East / North Africa,50.0,4.0,,62.1,55.1,51.8,99.9,66.4,6.5,75.5,76.5,79.9,83.4,75.0,80.0,3.3,0.0,0.0,5.6,33.4,Bahrain,1.3,$66.9 ,3.2,3.9,"$50,704.1",1.3,2.8,281.9,82.1,,,67.7
18,BANGLADESH,2017,19792,8860,28652,0.6907720228954348,12.0,BANGLADESH,Bangladesh,Asia-Pacific,128.0,28.0,55.0,34.9,26.0,19.1,72.8,94.0,78.7,53.4,68.7,68.6,63.6,50.0,30.0,10.7,25.0,45.0,8.6,13.8,Bangladesh,159.9,$576.5 ,6.4,6.3,"$3,607",4.4,6.4,"2,235.4",34.0,,,
19,BANGLADESH,2018,20285,9981,30266,0.6702240137447961,12.0,BANGLADESH,Bangladesh,Asia-Pacific,128.0,29.0,,32.4,32.6,21.2,72.7,94.2,78.9,52.1,66.4,69.0,61.2,50.0,30.0,11.9,25.0,45.0,8.8,13.9,Bangladesh,161.5,$628.4 ,6.4,6.5,"$3,890.6",4.1,6.4,"2,332.7",33.1,,,55.1
20,BELARUS,2017,710724,2088,712812,0.9970707563845727,14.0,BELARUS,Belarus,Europe,104.0,40.0,58.6,50.9,56.3,37.6,89.8,48.7,92.8,71.3,74.6,60.4,80.6,30.0,10.0,2.2,13.0,18.0,23.0,42.6,Belarus,9.4,$167.7 ,-3.9,1.2,"$17,654",6.1,13.5,"1,583.9",59.9,,,
21,BELARUS,2018,677179,2239,679418,0.9967045324086203,14.0,BELARUS,Belarus,Europe,108.0,42.0,,53.5,57.3,42.0,89.8,47.9,75.4,74.1,73.1,62.3,81.4,30.0,10.0,1.8,13.0,18.0,23.0,41.7,Belarus,9.5,$171.0 ,-3.9,-0.5,"$17,999.7",0.5,11.8,"1,235.3",52.3,,,58.1
22,BENIN,2017,9737,2000,11737,0.8295987049501576,17.0,BENIN,Benin,Sub-Saharan Africa,96.0,11.0,59.2,36.0,29.4,31.3,68.6,85.9,71.3,51.9,52.4,85.4,68.7,80.0,50.0,10.6,45.0,30.0,14.8,24.9,Benin,10.9,$22.9 ,5.2,5.2,"$2,113",1.1,0.3,229.3,37.5,,,
23,BENIN,2018,10421,1680,12101,0.8611684984712007,17.0,BENIN,Benin,Sub-Saharan Africa,120.0,17.0,,35.5,31.3,30.2,67.4,85.6,49.7,60.7,49.9,84.7,55.6,80.0,50.0,17.2,45.0,30.0,18.3,21.9,Benin,11.1,$23.6 ,5.2,4.9,"$2,119.4",1.0,-0.8,160.6,50.3,,,56.7
24,BHUTAN,2017,2,1,3,0.6666666666666666,18.0,BHUTAN,Bhutan,Asia-Pacific,107.0,21.0,58.4,60.1,50.7,44.7,83.1,73.6,61.7,72.6,77.6,67.1,60.0,20.0,30.0,10.0,25.0,30.0,13.0,25.1,Bhutan,0.8,$6.4 ,7.7,7.1,"$8,201",2.6,7.2,12.1,115.7,,,
25,BOLIVIA,2017,18701,3721,22422,0.834046918205334,19.0,BOLIVIA,Bolivia,Americas,168.0,30.0,47.7,25.7,15.4,32.6,86.1,49.1,81.4,58.9,35.8,66.4,76.0,5.0,40.0,4.5,13.0,25.0,24.4,41.9,Bolivia,11.5,$74.4 ,4.8,5.5,"$6,465",3.6,4.1,503.4,39.7,,,
26,BOLIVIA,2018,16963,5241,22204,0.7639614483876779,19.0,BOLIVIA,Bolivia,Americas,173.0,30.0,,19.0,11.4,23.1,85.7,46.5,46.8,59.2,49.2,67.5,75.5,5.0,40.0,4.8,13.0,25.0,25.3,42.2,Bolivia,10.9,$78.7 ,4.8,5.3,"$7,218.5",3.7,3.6,410.1,42.1,,,44.1
27,BOSNIA AND HERZEGOVINA,2017,1064,95,1159,0.9180327868852459,20.0,BOSNIA AND HERZEGOVINA,BosniaHerzegovina,Europe,92.0,36.0,60.2,41.2,40.0,32.7,83.5,33.7,89.3,47.4,59.3,84.0,86.6,65.0,60.0,1.7,10.0,10.0,38.1,46.8,Bosnia and Herzegovina,3.9,$40.5 ,2.8,1.3,"$10,492",30.3,-1.0,249.5,45.5,,,
28,BOSNIA AND HERZEGOVINA,2018,1569,109,1678,0.935041716328963,20.0,BOSNIA AND HERZEGOVINA,BosniaHerzegovina,Europe,91.0,38.0,,39.5,43.7,28.4,83.5,41.5,94.4,49.3,59.6,83.5,87.8,65.0,60.0,1.1,10.0,10.0,38.1,44.1,Bosnia and Herzegovina,3.9,$42.2 ,2.8,1.6,"$10,957.5",25.8,-1.1,285.2,44.4,,,61.4
29,BOTSWANA,2017,1599,9,1608,0.9944029850746269,21.0,BOTSWANA,Botswana,Sub-Saharan Africa,34.0,2.0,70.1,58.1,54.0,57.6,77.1,61.2,99.4,68.8,68.6,77.9,83.8,65.0,70.0,0.6,25.0,22.0,34.4,39.7,Botswana,2.1,$34.8 ,-0.3,4.6,"$16,368",18.6,3.0,393.6,17.8,,,
30,BOTSWANA,2018,1649,8,1657,0.9951719975859988,21.0,BOTSWANA,Botswana,Sub-Saharan Africa,35.0,2.0,,57.7,54.7,56.6,76.1,63.4,98.2,69.5,64.6,79.0,83.9,65.0,70.0,0.5,25.0,22.0,35.8,34.9,Botswana,2.2,$36.7 ,-0.3,4.2,"$17,041.6",18.4,2.8,10.5,13.9,,,69.9
31,BRAZIL,2017,2347,506,2853,0.8226428321065545,22.0,BRAZIL,Brazil,Americas,140.0,25.0,52.9,55.0,49.7,33.4,70.1,53.1,22.8,61.3,52.3,67.0,69.4,50.0,50.0,7.8,27.5,34.0,32.8,41.9,Brazil,204.5,"$3,192.4 ",-3.8,1.0,"$15,615",7.2,9.0,"64,647.9",73.7,,,
32,BRAZIL,2018,2554,780,3334,0.7660467906418716,22.0,BRAZIL,Brazil,Americas,153.0,27.0,,55.8,55.5,31.4,70.6,50.7,7.7,58.6,46.8,71.4,68.5,50.0,50.0,8.3,27.5,34.0,32.0,40.5,Brazil,206.1,"$3,141.3 ",-3.8,-0.4,"$15,241.7",11.5,8.7,"58,679.6",78.3,,,51.4
33,BULGARIA,2017,4929,199,5128,0.9611934477379095,23.0,BULGARIA,Bulgaria,Europe,47.0,23.0,67.9,62.5,38.9,41.8,91.0,58.4,86.4,66.7,68.3,83.3,87.0,70.0,60.0,1.5,10.0,10.0,26.5,38.8,Bulgaria,7.2,$136.9 ,3.0,1.5,"$19,097",9.8,-1.1,"1,773.9",26.9,,,
34,BULGARIA,2018,4549,200,4749,0.957885870709623,23.0,BULGARIA,Bulgaria,Europe,47.0,23.0,,63.6,42.5,38.2,90.9,60.5,94.3,64.3,66.1,82.8,86.9,70.0,60.0,1.6,10.0,10.0,26.7,36.3,Bulgaria,7.1,$144.6 ,3.0,1.9,"$20,326.7",8.0,-1.3,776.2,27.8,,,68.3
35,BURKINA FASO,2017,12845,2108,14953,0.859024944827125,24.0,BURKINA FASO,BurkinaFaso,Sub-Saharan Africa,93.0,10.0,59.6,38.2,28.4,31.7,82.6,82.5,88.4,46.4,53.3,84.6,69.2,70.0,40.0,7.9,27.5,27.5,15.2,21.3,Burkina Faso,17.9,$30.9 ,4.0,5.5,"$1,724",2.9,0.9,167.4,31.0,,,
36,BURKINA FASO,2018,13029,2495,15524,0.8392811131151765,24.0,BURKINA FASO,BurkinaFaso,Sub-Saharan Africa,95.0,8.0,,42.1,47.1,31.8,80.6,83.7,80.4,51.5,47.0,84.5,65.8,65.0,40.0,9.6,27.5,27.5,20.6,23.3,Burkina Faso,18.4,$32.8 ,4.0,5.1,"$1,782.2",3.0,0.7,308.7,32.5,,,60.0
37,BURUNDI,2017,2346,622,2968,0.7904312668463612,26.0,BURUNDI,Burundi,Sub-Saharan Africa,139.0,30.0,53.2,25.7,19.8,24.6,73.8,69.5,69.6,53.5,67.4,75.2,74.2,55.0,30.0,5.4,35.0,35.0,12.9,29.9,Burundi,9.4,$7.7 ,-4.1,2.7,$819,1.5,5.6,7.4,38.4,,,
38,BURUNDI,2018,2377,798,3175,0.7486614173228346,26.0,BURUNDI,Burundi,Sub-Saharan Africa,157.0,34.0,,17.6,21.7,26.2,71.0,78.6,54.8,53.0,63.2,70.2,69.2,55.0,30.0,5.4,35.0,35.0,21.2,26.7,Burundi,9.6,$7.9 ,-4.1,2.0,$813.7,1.6,5.5,0.1,47.2,,,50.9
39,CAMBODIA,2017,8243,942,9185,0.8974414806750136,27.0,CAMBODIA,Cambodia,Asia-Pacific,94.0,20.0,59.5,42.4,22.1,12.8,90.2,88.1,95.7,29.6,62.0,81.0,80.3,60.0,50.0,4.9,20.0,20.0,13.4,18.2,Cambodia,15.5,$54.2 ,6.9,7.2,"$3,488",0.5,1.2,"1,701.0",33.6,,,
40,CAMBODIA,2018,9717,1442,11159,0.8707769513397258,27.0,CAMBODIA,Cambodia,Asia-Pacific,101.0,22.0,,36.0,24.5,17.7,89.8,86.5,92.1,30.6,57.7,79.7,80.3,60.0,50.0,4.9,20.0,20.0,15.0,21.2,Cambodia,15.8,$59.0 ,6.9,7.2,"$3,736.9",0.3,3.0,"1,916.1",33.0,,,58.7
41,CAMEROON,2017,24608,11178,35786,0.6876432124294417,28.0,CAMEROON,Cameroon,Sub-Saharan Africa,150.0,34.0,51.8,43.5,29.6,17.4,75.4,84.4,60.9,44.3,47.8,80.1,53.4,35.0,50.0,15.8,35.0,33.0,12.2,23.5,Cameroon,23.1,$72.6 ,5.9,5.2,"$3,144",4.6,2.8,620.1,33.5,,,
42,CAMEROON,2018,24806,11328,36134,0.6865002490728953,28.0,CAMEROON,Cameroon,Sub-Saharan Africa,149.0,32.0,,40.6,29.4,23.4,73.7,86.1,72.0,44.0,42.9,82.5,53.4,25.0,50.0,15.8,35.0,33.0,17.8,21.6,Cameroon,23.7,$76.9 ,5.9,5.3,"$3,248.8",4.5,0.9,128.2,32.8,,,51.9
43,CANADA,2017,24062,570,24632,0.9768593699253004,29.0,CANADA,Canada,Americas,7.0,1.0,78.5,88.3,80.8,81.6,77.4,52.3,80.3,81.9,73.1,77.8,88.4,80.0,80.0,0.8,33.0,15.0,30.8,40.3,Canada,35.9,"$1,631.9 ",1.2,2.2,"$45,553",6.9,1.1,"48,642.8",91.5,,,
44,CANADA,2018,26688,1416,28104,0.9496157130657558,29.0,CANADA,Canada,Americas,9.0,1.0,,87.5,77.1,78.3,76.7,52.3,81.2,81.8,71.3,77.5,88.1,80.0,80.0,1.0,33.0,15.0,31.9,39.9,Canada,36.2,"$1,682.4 ",1.2,1.8,"$46,437.2",7.1,1.4,"33,721.1",92.3,,,77.7
45,CAPE VERDE,2017,12696,5623,18319,0.6930509307276598,,nan,nan,nan,,,,,,,,,,,,,,,,,,,,,nan,nan,nan,nan,,nan,nan,,nan,,,,
46,CAPE VERDE,2018,13346,6752,20098,0.6640461737486317,,nan,nan,nan,,,,,,,,,,,,,,,,,,,,,nan,nan,nan,nan,,nan,nan,,nan,,,,
47,CENTRAL AFRICAN REPUBLIC,2017,2379,1855,4234,0.5618800188946622,31.0,CENTRAL AFRICAN REPUBLIC,CentralAfricanRepublic,Sub-Saharan Africa,151.0,35.0,51.8,12.6,33.0,28.7,65.8,94.1,84.1,27.2,42.7,68.2,55.2,80.0,30.0,14.9,50.0,30.0,4.4,14.6,Central African Republic,4.8,$3.0 ,4.3,-4.7,$630,7.6,5.4,3.0,65.0,,,
48,CENTRAL AFRICAN REPUBLIC,2018,2574,1473,4047,0.6360266864343959,31.0,CENTRAL AFRICAN REPUBLIC,CentralAfricanRepublic,Sub-Saharan Africa,163.0,39.0,,17.9,28.2,24.6,64.6,94.6,96.4,27.2,34.5,70.5,57.2,45.0,30.0,13.9,50.0,30.0,11.8,13.4,Central African Republic,4.9,$3.2 ,4.3,-4.4,$651.9,6.9,4.6,31.2,42.5,,,49.2
49,CHAD,2017,5602,1542,7144,0.7841545352743561,32.0,CHAD,Chad,Sub-Saharan Africa,162.0,39.0,49.0,30.6,24.1,24.6,46.0,87.2,74.6,27.5,44.9,74.3,54.7,60.0,40.0,15.1,60.0,45.0,6.8,17.1,Chad,11.6,$30.5 ,1.8,4.7,"$2,634",5.6,3.6,600.2,39.3,,,
50,CHAD,2018,5128,2212,7340,0.6986376021798365,32.0,CHAD,Chad,Sub-Saharan Africa,162.0,38.0,,25.1,24.1,23.1,44.8,90.5,81.9,29.4,40.3,79.9,52.2,60.0,40.0,13.9,60.0,45.0,12.7,17.7,Chad,11.9,$29.0 ,1.8,3.4,"$2,445.2",5.8,-1.1,559.9,51.2,,,49.3
51,CHILE,2017,1068,108,1176,0.9081632653061225,33.0,CHILE,Chile,Americas,10.0,2.0,76.5,68.2,63.7,70.5,77.6,82.2,96.1,72.3,64.3,82.2,86.4,85.0,70.0,1.8,35.0,25.0,19.8,25.8,Chile,18.0,$422.4 ,2.1,3.9,"$23,460",6.4,4.3,"20,176.2",17.1,,,
52,CHILE,2018,940,172,1112,0.8453237410071942,33.0,CHILE,Chile,Americas,20.0,3.0,,67.9,63.4,61.2,78.0,81.3,91.7,72.4,60.4,82.4,88.7,85.0,70.0,0.6,35.0,25.0,18.8,25.0,Chile,18.2,$438.8 ,2.1,3.0,"$24,112.9",6.6,3.8,"11,265.7",21.2,,,75.2
53,CHINA,2017,2447332,83644,2530976,0.9669518794330725,34.0,CHINA,China,Asia-Pacific,111.0,24.0,57.4,48.3,60.7,41.6,70.0,73.0,92.5,53.9,63.4,71.8,73.6,20.0,20.0,3.2,45.0,25.0,18.7,31.9,China,1375.0,"$19,392.4 ",6.9,7.8,"$14,107",4.6,1.4,"135,610.0",43.9,,,
54,CHINA,2018,2704345,105269,2809614,0.9625325756491817,34.0,CHINA,China,Asia-Pacific,110.0,24.0,,46.7,65.4,47.3,70.4,71.6,85.9,54.9,61.4,71.4,73.2,25.0,20.0,3.4,45.0,25.0,17.5,30.7,China,1382.7,"$21,291.8 ",6.9,7.3,"$15,398.6",4.6,2.0,"133,700.0",46.2,,,57.8
55,COLOMBIA,2017,1619,178,1797,0.900946021146355,35.0,COLOMBIA,Colombia,Americas,37.0,4.0,69.7,63.8,25.2,39.6,80.1,74.2,89.8,77.1,77.9,77.0,81.6,80.0,70.0,4.2,33.0,25.0,16.7,29.6,Colombia,48.2,$667.4 ,3.1,4.6,"$13,847",10.0,5.0,"12,107.6",49.4,,,
56,COLOMBIA,2018,1734,294,2028,0.8550295857988166,35.0,COLOMBIA,Colombia,Americas,42.0,6.0,,60.7,36.4,33.4,80.3,74.4,82.2,78.6,75.2,73.9,81.6,80.0,70.0,4.2,33.0,25.0,16.1,29.2,Colombia,48.7,$688.8 ,3.1,3.7,"$14,130.2",9.9,7.5,"13,592.6",47.6,,,68.9
57,COMOROS,2017,3309,1559,4868,0.6797452752670501,36.0,COMOROS,Comoros,Sub-Saharan Africa,121.0,22.0,55.8,37.3,22.6,30.0,64.6,81.2,98.6,58.5,50.6,81.5,70.2,45.0,30.0,7.4,30.0,50.0,11.8,25.5,Comoros,0.8,$1.2 ,1.0,2.3,"$1,519",19.6,2.0,5.1,26.7,,,
58,COMOROS,2018,1292,633,1925,0.6711688311688312,36.0,COMOROS,Comoros,Sub-Saharan Africa,121.0,18.0,,36.7,28.2,27.5,59.7,77.8,96.6,57.5,58.7,81.2,74.9,45.0,30.0,5.0,30.0,50.0,25.1,27.2,Comoros,0.8,$1.3 ,1.0,2.3,"$1,529.2",20.0,2.0,8.0,26.3,,,56.2
59,CONGO (BRAZZAVILLE),2017,10122,4043,14165,0.7145781856689022,,nan,nan,nan,,,,,,,,,,,,,,,,,,,,,nan,nan,nan,nan,,nan,nan,,nan,,,,
60,CONGO (BRAZZAVILLE),2018,10067,5111,15178,0.6632626169455791,,nan,nan,nan,,,,,,,,,,,,,,,,,,,,,nan,nan,nan,nan,,nan,nan,,nan,,,,
61,CONGO (DEMOCRATIC REPUBLIC),2017,18742,10847,29589,0.6334110649227753,,nan,nan,nan,,,,,,,,,,,,,,,,,,,,,nan,nan,nan,nan,,nan,nan,,nan,,,,
62,CONGO (DEMOCRATIC REPUBLIC),2018,5643,4197,9840,0.5734756097560976,,nan,nan,nan,,,,,,,,,,,,,,,,,,,,,nan,nan,nan,nan,,nan,nan,,nan,,,,
63,COSTA RICA,2017,139,7,146,0.952054794520548,39.0,COSTA RICA,CostaRica,Americas,63.0,10.0,65.0,51.6,55.6,55.4,79.4,88.5,42.4,68.1,53.9,80.8,84.7,70.0,50.0,2.7,25.0,30.0,23.1,20.0,Costa Rica,4.8,$74.9 ,3.7,3.6,"$15,482",8.6,0.8,"2,849.6",42.4,,,
64,COSTA RICA,2018,136,3,139,0.9784172661870504,39.0,COSTA RICA,CostaRica,Americas,57.0,11.0,,54.8,57.8,51.8,79.3,88.9,46.8,68.3,50.3,85.0,84.7,70.0,50.0,2.7,25.0,30.0,23.4,19.3,Costa Rica,4.9,$80.7 ,3.7,4.0,"$16,435.8",9.0,-0.0,"2,762.1",43.7,,,65.6
65,COTE D'IVOIRE,2017,38481,16917,55398,0.6946279649084804,,nan,nan,nan,,,,,,,,,,,,,,,,,,,,,nan,nan,nan,nan,,nan,nan,,nan,,,,
66,COTE D'IVOIRE,2018,42277,19015,61292,0.6897637538341056,,nan,nan,nan,,,,,,,,,,,,,,,,,,,,,nan,nan,nan,nan,,nan,nan,,nan,,,,
67,CROATIA,2017,1355,49,1404,0.9650997150997151,41.0,CROATIA,Croatia,Europe,95.0,37.0,59.4,65.5,56.8,43.4,66.8,31.3,44.7,58.2,43.3,80.3,87.4,75.0,60.0,1.3,40.0,20.0,36.4,47.6,Croatia,4.2,$91.1 ,1.6,-0.4,"$21,581",16.1,-0.5,173.9,87.7,,,
68,CROATIA,2018,1682,55,1737,0.9683362118595279,41.0,CROATIA,Croatia,Europe,92.0,39.0,,65.9,56.5,40.5,66.0,32.5,67.2,58.9,43.0,79.1,87.4,75.0,60.0,1.3,40.0,20.0,37.4,47.4,Croatia,4.2,$95.1 ,1.6,0.2,"$22,795.3",13.5,-1.1,"1,744.7",84.4,,,61.0
69,CUBA,2017,39303,4921,44224,0.8887255788712012,42.0,CUBA,Cuba,Americas,178.0,31.0,33.9,32.4,10.0,41.8,51.3,0.0,81.2,20.0,20.0,66.0,64.5,10.0,10.0,7.7,50.0,30.0,38.3,64.6,Cuba,11.2,$141.50 ,4.3,2.8,"$12,580 ",nan,4.6,nan,35.0,,,
70,CUBA,2018,43192,7124,50316,0.8584148183480403,42.0,CUBA,Cuba,Americas,178.0,31.0,,29.7,10.0,38.1,49.0,0.0,64.4,20.0,20.0,66.4,64.7,10.0,10.0,7.7,50.0,30.0,41.2,62.4,Cuba,11.5,$142.0 ,4.3,2.04,"$12,390.0",2.9,4.5,nan,42.5,,,31.9
71,CYPRUS,2017,5760,662,6422,0.8969168483338524,43.0,CYPRUS,Cyprus,Europe,48.0,24.0,67.9,75.4,60.7,53.6,73.0,48.8,72.9,75.8,58.6,83.3,87.0,75.0,50.0,1.5,35.0,12.5,36.3,41.2,Cyprus,0.9,$28.1 ,1.6,-1.8,"$32,786",15.6,-1.5,"4,534.1",108.7,,,
72,CYPRUS,2018,6014,611,6625,0.9077735849056604,43.0,CYPRUS,Cyprus,Europe,48.0,24.0,,71.2,56.7,41.3,75.2,52.9,79.3,77.0,55.7,83.0,86.9,75.0,60.0,1.6,35.0,12.5,33.2,39.6,Cyprus,0.8,$29.7 ,1.6,-1.2,"$34,970.3",11.7,-1.2,"4,137.8",108.0,,,67.8
73,DJIBOUTI,2017,2287,1128,3415,0.669692532942899,46.0,DJIBOUTI,Djibouti,Sub-Saharan Africa,171.0,43.0,46.7,12.3,10.3,32.6,80.9,39.5,13.8,51.6,59.0,75.3,54.9,80.0,50.0,17.6,30.0,25.0,19.6,53.9,Djibouti,1.0,$3.1 ,6.5,5.9,"$3,204",53.9,2.1,124.0,55.5,,,
74,DJIBOUTI,2018,2268,895,3163,0.7170407840657603,46.0,DJIBOUTI,Djibouti,Sub-Saharan Africa,171.0,43.0,,19.0,13.8,29.0,69.8,27.2,18.0,51.7,58.9,69.5,54.9,80.0,50.0,17.6,30.0,25.0,38.7,49.3,Djibouti,1.0,$3.3 ,6.5,5.8,"$3,369.6",6.6,3.0,160.0,31.3,,,45.1
75,DOMINICAN REPUBLIC,2017,29492,9173,38665,0.7627570153885943,48.0,DOMINICAN REPUBLIC,DominicanRepublic,Americas,76.0,16.0,62.9,56.1,25.3,30.9,84.6,90.2,90.1,52.8,56.2,76.7,77.0,75.0,40.0,6.5,25.0,27.0,13.8,18.0,Dominican Republic,10.8,$149.7 ,7.0,4.9,"$14,984",14.4,0.8,"2,221.5",34.3,,,
76,DOMINICAN REPUBLIC,2018,30680,11718,42398,0.7236190386338979,48.0,DOMINICAN REPUBLIC,DominicanRepublic,Americas,89.0,18.0,,51.7,23.1,26.2,84.6,90.6,90.5,53.2,54.3,77.1,72.4,75.0,40.0,6.3,25.0,27.0,13.7,17.7,Dominican Republic,10.1,$161.8 ,7.0,5.8,"$16,049.5",14.4,1.6,"2,406.7",34.4,,,61.6
77,ECUADOR,2017,50528,11987,62515,0.8082540190354315,49.0,ECUADOR,Ecuador,Americas,160.0,28.0,49.3,38.7,22.3,33.9,79.1,46.1,56.4,55.4,47.3,67.7,69.7,35.0,40.0,5.2,35.0,22.0,19.6,39.3,Ecuador,16.3,$183.4 ,0.0,4.4,"$11,264",4.3,4.0,"1,060.1",34.5,,,
78,ECUADOR,2018,56074,11033,67107,0.8355909219604513,49.0,ECUADOR,Ecuador,Americas,165.0,28.0,,36.7,23.3,30.2,79.4,52.5,47.0,55.6,43.7,70.1,68.8,35.0,40.0,5.6,35.0,22.0,18.8,39.8,Ecuador,16.5,$183.6 ,0.0,2.5,"$11,108.6",5.4,1.7,744.0,29.2,,,48.5
79,EGYPT,2017,139074,30689,169763,0.8192244482013159,50.0,EGYPT,Egypt,Middle East / North Africa,144.0,12.0,52.6,35.4,56.3,32.7,86.1,63.0,4.6,66.8,51.3,69.6,70.2,55.0,40.0,7.4,25.0,25.0,11.9,33.4,Egypt,88.4,"$1,047.9 ",4.2,2.5,"$11,850",12.1,11.0,"6,885.0",87.7,,,
80,EGYPT,2018,148656,37891,186547,0.796882287037583,50.0,EGYPT,Egypt,Middle East / North Africa,139.0,11.0,,32.7,52.5,32.2,84.2,65.1,1.2,71.5,51.5,69.6,70.9,60.0,50.0,7.0,25.0,25.0,18.2,34.1,Egypt,90.2,"$1,132.4 ",4.2,3.4,"$12,553.9",12.0,10.2,"8,106.8",97.1,,,53.4
81,EQUATORIAL GUINEA,2017,12605,2341,14946,0.843369463401579,52.0,EQUATORIAL GUINEA,EquatorialGuinea,Sub-Saharan Africa,174.0,44.0,45.0,35.4,13.1,24.6,75.4,53.6,46.4,50.9,38.5,78.3,53.8,40.0,30.0,15.6,35.0,35.0,2.8,38.2,Equatorial Guinea,0.8,$25.4 ,-12.2,-2.3,"$31,758",9.4,3.2,316.2,20.1,,,
82,EQUATORIAL GUINEA,2018,10882,3231,14113,0.7710621412881741,52.0,EQUATORIAL GUINEA,EquatorialGuinea,Sub-Saharan Africa,175.0,45.0,,29.8,17.6,26.2,69.6,61.0,19.1,45.6,29.8,81.7,53.8,40.0,30.0,15.6,35.0,35.0,24.3,36.1,Equatorial Guinea,0.8,$31.7 ,-12.2,-2.8,"$38,639.1",7.3,1.4,54.0,21.7,,,42.0
83,ERITREA,2017,1218,1114,2332,0.5222984562607204,53.0,ERITREA,Eritrea,Sub-Saharan Africa,176.0,46.0,42.2,36.4,10.3,27.5,81.3,74.7,0.0,56.7,69.7,61.0,69.2,0.0,20.0,5.4,30.0,30.0,8.4,28.5,Eritrea,6.8,$8.7 ,4.8,5.7,"$1,297",8.4,9.0,49.3,127.1,,,
84,ERITREA,2018,1282,874,2156,0.5946196660482375,53.0,ERITREA,Eritrea,Sub-Saharan Africa,176.0,46.0,,35.5,13.8,23.4,79.9,75.6,0.0,56.7,65.7,60.9,69.2,0.0,20.0,5.4,30.0,30.0,14.4,28.5,Eritrea,6.5,$9.2 ,4.8,4.7,"$1,410.3",7.3,9.0,52.3,125.5,,,41.7
85,ETHIOPIA,2017,17103,3949,21052,0.8124168725061752,55.0,ETHIOPIA,Ethiopia,Sub-Saharan Africa,142.0,31.0,52.7,32.6,29.6,37.6,77.1,90.3,86.5,50.0,57.2,65.7,65.1,20.0,20.0,10.0,35.0,30.0,12.7,18.6,Ethiopia,93.0,$161.6 ,10.2,10.1,"$1,801",5.5,10.1,"2,167.6",48.6,,,
86,ETHIOPIA,2018,18404,4301,22705,0.8105703589517728,55.0,ETHIOPIA,Ethiopia,Sub-Saharan Africa,142.0,27.0,,31.1,37.6,37.7,76.5,90.6,85.5,40.2,51.3,67.1,60.7,35.0,20.0,12.1,35.0,30.0,15.1,17.7,Ethiopia,91.2,$177.5 ,10.2,9.5,"$1,945.9",5.7,7.3,"3,196.4",54.9,,,52.8
87,FIJI,2017,1133,15,1148,0.9869337979094077,56.0,FIJI,Fiji,Asia-Pacific,71.0,16.0,63.4,67.7,41.9,32.7,80.7,72.5,84.1,61.3,70.5,75.5,68.8,55.0,50.0,10.6,29.0,20.0,26.3,31.4,Fiji,0.9,$8.0 ,4.3,3.7,"$9,044",7.7,2.8,332.4,46.1,,,
88,FIJI,2018,2,1,3,0.6666666666666666,56.0,FIJI,Fiji,Asia-Pacific,84.0,19.0,,68.3,47.1,34.8,81.4,68.2,63.0,62.8,70.8,74.1,68.8,55.0,50.0,10.6,29.0,20.0,24.8,32.6,Fiji,0.9,$8.3 ,4.3,3.5,"$9,268.1",7.9,3.9,269.5,49.6,,,62.0
89,FORMER YUGOSLAV REPUBLIC OF MACEDONIA,2017,10099,2145,12244,0.824812152891212,,nan,nan,nan,,,,,,,,,,,,,,,,,,,,,nan,nan,nan,nan,,nan,nan,,nan,,,,
90,GABON,2017,16319,3009,19328,0.8443191225165563,59.0,GABON,Gabon,Sub-Saharan Africa,103.0,13.0,58.6,35.9,26.7,37.6,77.0,81.0,96.1,50.6,58.4,83.0,61.8,55.0,40.0,14.1,35.0,30.0,13.1,23.7,Gabon,1.6,$34.6 ,4.0,5.3,"$18,639",20.5,0.1,623.9,43.9,,,
91,GABON,2018,16883,5466,22349,0.7554252986710814,59.0,GABON,Gabon,Sub-Saharan Africa,109.0,13.0,,29.9,27.8,33.4,74.3,84.6,92.3,49.3,61.7,81.4,60.9,60.0,40.0,14.5,35.0,30.0,21.2,22.6,Gabon,1.9,$35.9 ,4.0,4.3,"$19,056.5",18.5,2.1,703.2,62.0,,,58.0
92,GEORGIA,2017,19157,4263,23420,0.8179760888129803,61.0,GEORGIA,Georgia,Europe,13.0,5.0,76.0,55.1,66.5,65.0,87.3,74.4,93.5,87.2,75.9,78.2,88.6,80.0,60.0,0.7,20.0,15.0,25.3,29.1,Georgia,4.5,$35.6 ,2.8,4.9,"$9,630",12.3,4.0,"1,350.2",41.2,,,
93,GEORGIA,2018,1946,920,2866,0.6789951151430565,61.0,GEORGIA,Georgia,Europe,16.0,9.0,,62.8,64.2,61.8,87.0,73.3,91.8,86.9,77.3,79.6,89.4,80.0,60.0,0.3,20.0,15.0,25.9,29.8,Georgia,3.7,$37.2 ,2.8,4.0,"$10,043.8",11.6,2.1,"1,661.4",44.9,,,76.2
94,GHANA,2017,19587,11561,31148,0.6288365224091435,63.0,GHANA,Ghana,Sub-Saharan Africa,118.0,19.0,56.2,51.6,40.9,35.5,84.5,76.3,9.2,59.6,57.4,64.5,65.1,70.0,60.0,10.0,25.0,25.0,17.2,24.4,Ghana,26.9,$114.7 ,3.5,7.6,"$4,266",6.3,17.2,"3,192.3",73.3,,,
95,GHANA,2018,25136,18192,43328,0.5801329394387001,63.0,GHANA,Ghana,Sub-Saharan Africa,122.0,19.0,,48.9,43.7,32.9,83.5,79.0,9.5,59.5,56.2,63.7,65.1,70.0,60.0,10.0,25.0,25.0,20.1,26.5,Ghana,27.6,$121.7 ,3.5,5.7,"$4,411.9",5.8,17.5,"3,485.3",72.4,,,56.0
96,GUATEMALA,2017,99,1,100,0.99,65.0,GUATEMALA,Guatemala,Americas,74.0,15.0,63.0,45.0,27.8,27.5,79.2,94.8,93.5,58.7,48.2,79.4,87.0,65.0,50.0,1.5,31.0,31.0,12.5,12.2,Guatemala,16.3,$125.9 ,4.0,3.8,"$7,738",2.7,2.4,"1,208.4",24.3,,,
97,GUINEA,2017,7497,5864,13361,0.5611106953072375,66.0,GUINEA,Guinea,Sub-Saharan Africa,169.0,42.0,47.6,15.6,13.1,27.5,69.1,78.4,34.2,55.8,54.8,71.1,61.2,50.0,40.0,11.9,40.0,35.0,16.2,28.5,Guinea,11.7,$15.0 ,0.1,2.2,"$1,214",1.8,8.2,85.0,48.4,,,
98,GUINEA,2018,6934,6323,13257,0.5230444293580749,66.0,GUINEA,Guinea,Sub-Saharan Africa,146.0,29.0,,32.4,28.2,26.9,65.9,80.6,61.0,54.1,54.0,71.8,61.2,50.0,40.0,11.9,40.0,35.0,24.1,25.4,Guinea,12.7,$16.0 ,0.1,2.2,"$1,264.5",6.8,8.2,104.3,56.0,,,52.2
99,GUINEA-BISSAU,2017,5448,1467,6915,0.7878524945770065,67.0,GUINEA-BISSAU,GuineaBissau,Sub-Saharan Africa,119.0,20.0,56.1,33.8,48.7,28.7,89.0,87.5,75.3,46.7,60.9,77.7,65.2,30.0,30.0,9.9,20.0,25.0,8.7,25.5,Guinea-Bissau,1.8,$2.7 ,4.8,3.1,"$1,508",7.6,1.5,18.3,57.7,,,
100,GUINEA-BISSAU,2018,6440,1748,8188,0.7865168539325843,67.0,GUINEA-BISSAU,GuineaBissau,Sub-Saharan Africa,118.0,15.0,,31.1,53.5,27.3,86.4,85.6,87.1,47.8,61.1,77.4,65.2,30.0,30.0,9.9,20.0,25.0,18.4,21.9,Guinea-Bissau,1.7,$2.9 ,4.8,2.6,"$1,729.9",6.5,1.5,19.6,46.3,,,56.9
101,HAITI,2017,5116,2689,7805,0.6554772581678411,69.0,HAITI,Haiti,Americas,159.0,27.0,49.6,12.6,25.1,19.1,80.3,81.0,51.8,49.4,62.1,73.8,70.6,40.0,30.0,7.2,30.0,30.0,13.2,22.0,Haiti,10.6,$18.7 ,1.0,3.3,"$1,750",6.9,7.5,104.2,30.4,,,
102,HAITI,2018,5440,3066,8506,0.6395485539619092,69.0,HAITI,Haiti,Americas,124.0,25.0,,25.1,42.5,24.6,80.1,85.6,83.6,48.3,64.1,68.9,71.9,45.0,30.0,6.6,30.0,30.0,13.7,21.9,Haiti,10.8,$19.4 ,1.0,2.5,"$1,784.1",13.2,13.4,104.4,33.5,,,55.8
103,HONG KONG S.A.R.,2017,14019,152,14171,0.9892738691694305,,nan,nan,nan,,,,,,,,,,,,,,,,,,,,,nan,nan,nan,nan,,nan,nan,,nan,,,,
104,HONG KONG S.A.R.,2018,15166,167,15333,0.9891084588795409,,nan,nan,nan,,,,,,,,,,,,,,,,,,,,,nan,nan,nan,nan,,nan,nan,,nan,,,,
105,INDIA,2017,838276,78778,917054,0.914096661701492,74.0,INDIA,India,Asia-Pacific,143.0,33.0,52.6,55.4,44.4,44.3,77.2,77.4,11.0,52.8,41.6,75.0,72.6,40.0,40.0,6.2,30.9,34.6,16.6,27.9,India,1276.3,"$7,965.2 ",7.3,6.7,"$6,162",3.5,4.9,"44,208.0",67.2,,,
106,INDIA,2018,976315,101067,1077382,0.9061920470176781,74.0,INDIA,India,Asia-Pacific,130.0,30.0,,55.4,54.3,47.2,79.4,77.7,13.2,56.4,41.8,75.9,72.4,40.0,40.0,6.3,30.9,32.4,7.2,27.3,India,1309.3,"$8,662.4 ",7.3,6.8,"$6,615.8",3.5,4.9,"44,485.6",69.5,,,54.5
107,INDONESIA,2017,195358,2761,198119,0.9860639312736285,75.0,INDONESIA,Indonesia,Asia-Pacific,84.0,18.0,61.9,48.3,39.3,44.7,83.6,89.9,90.1,49.1,48.9,74.0,80.5,35.0,60.0,2.3,30.0,25.0,10.9,17.4,Indonesia,255.1,"$2,842.2 ",4.8,5.5,"$11,126",5.8,6.4,"15,508.2",27.3,,,
108,INDONESIA,2018,205587,3688,209275,0.9823772548082667,75.0,INDONESIA,Indonesia,Asia-Pacific,69.0,15.0,,49.3,45.2,42.8,83.7,90.7,89.4,57.3,50.3,81.6,80.5,40.0,60.0,2.3,30.0,25.0,10.4,17.6,Indonesia,258.7,"$3,032.1 ",4.8,5.3,"$11,720.3",5.6,3.5,"2,658.1",27.9,,,64.2
109,IRAN,2017,209842,50975,260817,0.8045564514583022,76.0,IRAN,Iran,Middle East / North Africa,155.0,13.0,50.5,32.4,36.0,29.6,81.1,92.7,94.9,64.8,54.5,55.5,54.5,0.0,10.0,15.2,35.0,25.0,6.4,15.9,Iran,79.0,"$1,371.1 ",0.0,-0.1,"$17,251",10.5,12.0,"2,050.0",17.1,,,
110,IRAN,2018,190649,80435,271084,0.7032838529754615,76.0,IRAN,Iran,Middle East / North Africa,156.0,13.0,,32.5,35.3,32.6,81.0,91.1,91.7,64.3,58.2,59.8,54.5,0.0,10.0,15.2,35.0,25.0,7.1,17.2,Iran,80.5,"$1,454.5 ",0.0,0.1,"$18,077.5",11.3,8.9,"3,372.0",35.0,,,50.9
111,IRAQ,2017,34669,25160,59829,0.5794681508967223,77.0,IRAQ,Iraq,Middle East / North Africa,,,,37.3,15.9,19.1,,36.1,11.3,61.2,68.0,76.9,,,,,15.0,15.0,,44.4,Iraq,37.0,$544.1 ,2.4,5.7,"$15,474",16.9,1.4,"3,468.5",66.1,,,
112,IRAQ,2018,33256,30907,64163,0.5183049421005875,77.0,IRAQ,Iraq,Middle East / North Africa,,,,36.7,11.4,23.4,,45.4,11.9,59.1,69.8,79.2,,,,,15.0,15.0,,42.7,Iraq,36.1,$647.2 ,2.4,7.4,"$17,943.7",16.0,0.4,"-5,911.2",63.7,,,
113,IRELAND,2017,12180,250,12430,0.9798873692679002,78.0,IRELAND,Ireland,Europe,9.0,3.0,76.7,85.8,78.3,78.3,72.7,57.1,60.3,80.3,73.6,87.6,87.0,90.0,70.0,1.5,41.0,12.5,29.9,35.2,Ireland,4.6,$257.4 ,7.8,3.4,"$55,533",9.5,0.0,"100,542.4",78.7,,,
114,IRELAND,2018,14642,235,14877,0.9842038045304833,78.0,IRELAND,Ireland,Europe,6.0,2.0,,87.7,79.0,79.0,76.1,69.6,80.8,81.8,76.4,87.4,86.9,90.0,70.0,1.6,41.0,12.5,23.6,31.9,Ireland,4.7,$324.9 ,7.8,8.0,"$69,230.8",8.1,-0.2,"22,304.4",76.4,,,80.4
115,ISRAEL,2017,19095,1377,20472,0.9327373974208675,79.0,ISRAEL,Israel,Middle East / North Africa,36.0,3.0,69.7,71.9,82.0,47.6,61.0,50.5,71.8,69.9,64.3,84.9,88.0,75.0,70.0,1.0,48.0,25.0,31.1,40.3,Israel,8.4,$281.9 ,2.6,3.3,"$33,656",5.0,-0.6,"11,566.0",64.6,,,
116,ISRAEL,2018,20862,2274,23136,0.9017116182572614,79.0,ISRAEL,Israel,Middle East / North Africa,31.0,3.0,,78.2,83.1,61.2,60.9,51.8,79.0,71.8,65.1,85.3,85.5,75.0,70.0,2.2,48.0,25.0,31.4,40.1,Israel,8.5,$300.6 ,2.6,3.3,"$35,178.7",5.6,-0.5,"12,323.7",62.2,,,72.2
117,JAMAICA,2017,4489,177,4666,0.9620660094299186,81.0,JAMAICA,Jamaica,Americas,41.0,6.0,69.5,58.0,61.5,38.2,81.0,77.5,79.9,78.9,73.7,79.5,75.3,80.0,50.0,7.3,25.0,25.0,25.5,28.2,Jamaica,2.8,$24.6 ,1.1,0.5,"$8,759",13.7,4.7,794.5,124.3,,,
118,JAMAICA,2018,4974,259,5233,0.9505064016816358,81.0,JAMAICA,Jamaica,Americas,40.0,5.0,,60.9,56.6,39.4,80.0,77.2,79.5,78.7,74.5,82.0,70.8,80.0,50.0,9.6,25.0,25.0,27.3,27.6,Jamaica,2.8,$25.4 ,1.1,0.5,"$8,975.7",13.3,3.8,855.9,115.2,,,69.1
119,JAPAN,2017,9754,255,10009,0.9745229293635728,82.0,JAPAN,Japan,Asia-Pacific,40.0,10.0,69.6,89.4,73.8,86.1,68.5,52.3,9.5,82.3,77.5,83.0,82.6,70.0,60.0,1.2,40.8,23.9,30.3,39.3,Japan,126.7,"$4,830.1 ",0.5,0.6,"$38,054",3.3,0.8,"-2,250.0",248.1,,,
120,JAPAN,2018,10753,337,11090,0.9696122633002705,82.0,JAPAN,Japan,Asia-Pacific,30.0,8.0,,86.0,73.2,79.2,67.4,54.1,49.3,81.7,79.2,85.4,82.3,70.0,60.0,1.4,40.8,23.9,32.0,39.1,Japan,126.9,"$5,237.8 ",0.5,1.2,"$41,274.6",3.1,-0.1,"11,388.4",239.2,,,72.3
121,JORDAN,2017,49153,9387,58540,0.8396481038606082,83.0,JORDAN,Jordan,Middle East / North Africa,53.0,5.0,66.7,60.1,49.5,49.8,91.3,73.3,55.5,63.9,58.1,86.7,82.0,70.0,60.0,4.0,14.0,20.0,16.7,29.0,Jordan,6.8,$82.7 ,2.5,2.7,"$12,123",12.9,-0.9,"1,274.8",91.7,,,
122,JORDAN,2018,46274,9393,55667,0.831264483446207,83.0,JORDAN,Jordan,Middle East / North Africa,62.0,5.0,,57.6,57.3,51.9,92.4,69.4,27.7,63.0,58.9,88.7,82.0,70.0,60.0,4.0,14.0,20.0,13.0,32.0,Jordan,7.0,$85.6 ,2.5,2.6,"$12,278.2",13.2,-0.8,"1,538.9",95.0,,,64.9
123,KAZAKHSTAN,2017,147405,5653,153058,0.9630662885964798,84.0,KAZAKHSTAN,Kazakhstan,Asia-Pacific,42.0,11.0,69.0,56.1,56.5,38.0,93.3,85.7,98.9,74.5,82.5,73.9,78.5,40.0,50.0,3.3,10.0,20.0,13.2,23.0,Kazakhstan,17.7,$429.1 ,1.2,4.8,"$24,268",5.6,6.5,"4,020.7",23.3,,,
124,KAZAKHSTAN,2018,149572,7544,157116,0.9519845209908603,84.0,KAZAKHSTAN,Kazakhstan,Asia-Pacific,41.0,11.0,,56.0,58.1,44.6,92.6,85.3,87.3,74.3,86.8,68.2,75.6,50.0,50.0,4.7,10.0,20.0,15.6,22.2,Kazakhstan,17.9,$451.3 ,1.2,3.5,"$25,144.9",5.2,14.6,"9,069.3",21.1,,,69.1
125,KENYA,2017,29176,3906,33082,0.8819297503173932,85.0,KENYA,Kenya,Sub-Saharan Africa,135.0,27.0,53.5,45.1,42.7,24.7,78.5,77.9,14.4,50.0,62.4,73.8,67.2,55.0,50.0,8.9,30.0,30.0,18.7,28.6,Kenya,44.1,$141.9 ,5.6,5.5,"$3,208",9.2,6.6,"1,437.0",52.7,,,
126,KENYA,2018,33281,4769,38050,0.874664914586071,85.0,KENYA,Kenya,Sub-Saharan Africa,129.0,22.0,,47.9,44.0,27.5,78.5,77.5,14.1,55.5,62.9,74.0,69.8,55.0,50.0,7.6,30.0,30.0,18.7,27.4,Kenya,45.5,$152.8 ,5.6,5.4,"$3,361.0",11.0,6.3,394.0,54.4,,,54.7
127,KOSOVO,2017,72756,17715,90471,0.8041913983486421,185.0,KOSOVO,Kosovo,Europe,46.0,22.0,67.9,70.3,58.0,45.9,93.5,77.8,88.9,68.8,65.3,80.0,70.8,65.0,30.0,7.1,10.0,10.0,21.1,27.4,Kosovo,1.9,$17.4 ,3.3,3.0,9255 (estimated),nan,-0.5,359.8,19.2,,,
128,KOSOVO,2018,71257,19631,90888,0.7840088900624945,185.0,KOSOVO,Kosovo,Europe,56.0,27.0,,52.3,59.0,45.4,93.2,77.9,92.8,72.6,58.3,81.2,70.8,65.0,30.0,7.1,10.0,10.0,21.8,27.1,Kosovo,1.9,$18.4 ,3.3,3.0,"$9,600 (estimated)",nan,0.3,249.0 (2014 net),20.6,,,66.6
129,KUWAIT,2017,158351,7779,166130,0.9531752242219949,89.0,KUWAIT,Kuwait,Middle East / North Africa,61.0,6.0,65.1,55.5,56.4,41.3,97.7,40.8,99.8,61.2,61.5,73.6,78.7,55.0,60.0,3.2,0.0,15.0,0.9,53.6,Kuwait,4.1,$288.4 ,0.9,4.0,"$70,166",3.5,3.4,293.5,10.6,,,
130,KUWAIT,2018,165582,8486,174068,0.9512489371969575,89.0,KUWAIT,Kuwait,Middle East / North Africa,81.0,6.0,,52.0,53.5,36.6,97.7,20.5,99.3,57.2,61.5,73.7,79.1,55.0,60.0,3.0,0.0,15.0,1.4,51.5,Kuwait,4.2,$303.7 ,0.9,2.7,"$71,887.3",2.4,3.2,274.7,18.6,,,62.2
131,KYRGYZSTAN,2017,12508,836,13344,0.9373501199040767,,nan,nan,nan,,,,,,,,,,,,,,,,,,,,,nan,nan,nan,nan,,nan,nan,,nan,,,,
132,KYRGYZSTAN,2018,14680,1143,15823,0.9277633824179992,,nan,nan,nan,,,,,,,,,,,,,,,,,,,,,nan,nan,nan,nan,,nan,nan,,nan,,,,
133,LAOS,2017,3985,244,4229,0.9423031449515252,,nan,nan,nan,,,,,,,,,,,,,,,,,,,,,nan,nan,nan,nan,,nan,nan,,nan,,,,
134,LAOS,2018,4261,363,4624,0.9214965397923875,91.0,LAOS,Laos,Asia-Pacific,138.0,34.0,,34.1,41.4,33.1,86.7,79.3,60.2,65.4,55.0,76.0,56.6,35.0,20.0,14.2,24.0,24.0,13.4,26.3,Lao P.D.R.,7.2,$40.9 ,7.0,7.6,"$5,709.6",1.5,2.0,889.9,67.3,,,53.6
135,LEBANON,2017,137687,13880,151567,0.9084233375338959,93.0,LEBANON,Lebanon,Middle East / North Africa,137.0,11.0,53.3,43.8,25.3,23.3,91.8,76.1,0.0,51.5,49.5,78.4,84.4,65.0,50.0,2.8,20.0,15.0,13.8,28.5,Lebanon,4.6,$83.1 ,1.0,1.8,"$18,240",7.1,-3.7,"2,341.0",139.1,,,
136,LEBANON,2018,135433,18888,154321,0.8776057697915384,93.0,LEBANON,Lebanon,Middle East / North Africa,140.0,12.0,,39.7,33.6,20.2,91.9,78.2,0.0,48.8,44.2,81.9,84.5,65.0,50.0,2.8,20.0,15.0,13.5,26.9,Lebanon,4.6,$85.2 ,1.0,1.9,"$18,524.6",6.8,-0.8,"2,563.9",143.4,,,53.2
137,LIBYA,2017,6570,3276,9846,0.6672760511882998,96.0,LIBYA,Libya,Middle East / North Africa,,,,6.8,22.6,26.7,95.0,0.0,11.4,65.0,52.5,69.2,80.0,,,0.0,10.0,20.0,,76.7,Libya,6.3,$92.6 ,-6.4,-0.3,"$14,650",20.6,8.0,725.7,65.4,,,
138,LIBYA,2018,7499,2429,9928,0.7553384367445608,96.0,LIBYA,Libya,Middle East / North Africa,,,,5.2,22.1,23.1,90.5,0.0,19.9,63.5,45.9,56.2,80.0,5.0,,0.0,10.0,20.0,21.3,92.9,Libya,6.4,$55.4 ,-6.4,3.3,"$8,678.5",19.2,27.1,492.556,7.4,,,
139,MACAO S.A.R.,2017,461,42,503,0.9165009940357853,,nan,nan,nan,,,,,,,,,,,,,,,,,,,,,nan,nan,nan,nan,,nan,nan,,nan,,,,
140,MACAO S.A.R.,2018,541,16,557,0.9712746858168761,,nan,nan,nan,,,,,,,,,,,,,,,,,,,,,nan,nan,nan,nan,,nan,nan,,nan,,,,
141,MADAGASCAR,2017,15688,4747,20435,0.7677024712503059,102.0,MADAGASCAR,Madagascar,Sub-Saharan Africa,113.0,15.0,57.4,34.8,21.4,25.0,91.0,93.2,79.8,43.3,43.8,73.3,78.0,55.0,50.0,6.0,20.0,20.0,9.9,15.5,Madagascar,24.2,$35.4 ,3.0,2.6,"$1,462",2.2,7.4,517.5,35.6,,,
142,MADAGASCAR,2018,16494,4881,21375,0.7716491228070176,102.0,MADAGASCAR,Madagascar,Sub-Saharan Africa,119.0,16.0,,33.2,21.4,17.8,90.3,92.9,82.5,45.6,41.5,73.4,78.0,55.0,50.0,6.0,20.0,20.0,13.0,15.4,Madagascar,24.9,$37.5 ,3.0,3.2,"$1,504.7",2.1,6.7,540.6,42.3,,,56.8
143,MALAWI,2017,1793,98,1891,0.9481755684822845,103.0,MALAWI,Malawi,Sub-Saharan Africa,149.0,33.0,52.2,36.0,44.2,31.3,79.1,69.8,33.5,45.3,56.9,54.7,70.5,55.0,50.0,4.8,30.0,30.0,16.9,30.7,Malawi,18.1,$20.4 ,3.0,4.1,"$1,124",6.7,21.9,142.5,83.4,,,
144,MALAWI,2018,126,11,137,0.9197080291970803,103.0,MALAWI,Malawi,Sub-Saharan Africa,148.0,31.0,,33.1,47.1,28.9,76.9,70.7,28.1,47.7,59.9,60.4,71.5,50.0,50.0,4.2,30.0,30.0,22.5,31.3,Malawi,18.6,$21.1 ,3.0,3.6,"$1,134.5",6.7,21.7,325.6,62.1,,,52.0
145,MALAYSIA,2017,4802,1088,5890,0.8152801358234295,104.0,MALAYSIA,Malaysia,Asia-Pacific,27.0,7.0,73.8,85.3,67.3,51.8,85.3,78.7,76.5,90.8,73.1,85.3,81.2,60.0,50.0,4.4,28.0,24.0,14.8,25.2,Malaysia,30.8,$815.6 ,5.0,5.3,"$26,315",2.9,2.1,"11,121.5",57.4,,,
146,MALAYSIA,2018,5309,1178,6487,0.8184060428549407,104.0,MALAYSIA,Malaysia,Asia-Pacific,22.0,6.0,,83.8,65.2,54.8,85.6,81.3,80.7,83.9,75.8,85.6,87.4,60.0,50.0,1.3,25.0,25.0,13.8,24.9,Malaysia,31.7,$863.3 ,5.0,5.1,"$27,266.7",3.3,2.1,"9,925.9",56.3,,,74.5
147,MALI,2017,13578,5023,18601,0.7299607547981292,106.0,MALI,Mali,Sub-Saharan Africa,102.0,12.0,58.6,36.7,33.8,34.3,69.4,88.0,87.8,44.2,51.1,83.0,70.1,65.0,40.0,7.4,40.0,35.0,15.3,20.3,Mali,16.3,$35.8 ,6.1,3.7,"$2,199",8.5,1.4,152.9,36.3,,,
148,MALI,2018,15624,5728,21352,0.7317347321094043,106.0,MALI,Mali,Sub-Saharan Africa,113.0,14.0,,31.9,32.4,31.4,68.1,85.3,84.8,52.8,48.4,81.9,68.7,65.0,40.0,10.6,40.0,35.0,19.0,22.2,Mali,16.8,$38.1 ,6.1,4.0,"$2,266.0",8.1,-1.8,125.5,30.5,,,57.6
149,MAURITANIA,2017,12304,2369,14673,0.8385469910720371,108.0,MAURITANIA,Mauritania,Sub-Saharan Africa,131.0,25.0,54.4,22.5,13.8,29.2,81.2,73.2,77.1,64.4,57.4,81.9,62.3,50.0,40.0,11.4,30.0,25.0,18.9,33.4,Mauritania,3.7,$16.3 ,1.9,5.1,"$4,395",31.1,0.5,495.0,78.1,,,
150,MAURITANIA,2018,11895,2880,14775,0.8050761421319796,108.0,MAURITANIA,Mauritania,Sub-Saharan Africa,134.0,24.0,,23.9,17.6,28.9,75.9,72.8,71.8,64.2,59.2,82.4,61.5,50.0,40.0,11.7,30.0,25.0,29.7,30.1,Mauritania,3.8,$16.4 ,1.9,4.0,"$4,328.0",11.7,1.5,271.6,99.6,,,54.0
151,MAURITIUS,2017,574,24,598,0.959866220735786,109.0,MAURITIUS,Mauritius,Sub-Saharan Africa,21.0,1.0,74.7,64.4,72.6,44.3,92.0,81.5,74.9,78.2,68.8,81.1,88.7,80.0,70.0,0.6,15.0,15.0,18.6,25.9,Mauritius,1.3,$24.6 ,3.4,3.5,"$19,509",7.9,1.3,208.3,58.1,,,
152,MAURITIUS,2018,823,17,840,0.9797619047619047,109.0,MAURITIUS,Mauritius,Sub-Saharan Africa,21.0,1.0,,68.7,69.6,52.1,91.0,80.7,73.7,77.5,66.8,82.9,88.7,80.0,70.0,0.6,15.0,15.0,21.2,25.4,Mauritius,1.3,$25.9 ,3.4,3.4,"$20,421.6",7.8,1.0,349.4,62.7,,,75.1
153,MEXICO,2017,1526,78,1604,0.9513715710723192,110.0,MEXICO,Mexico,Americas,70.0,14.0,63.6,58.1,38.7,30.0,74.9,76.7,66.8,70.7,57.9,78.8,80.0,70.0,60.0,5.0,35.0,30.0,19.7,27.6,Mexico,121.1,"$2,227.2 ",2.5,2.8,"$17,534",4.3,2.7,"30,284.6",54.0,,,
154,MEXICO,2018,1424,89,1513,0.9411764705882353,110.0,MEXICO,Mexico,Americas,63.0,12.0,,58.6,39.0,26.9,75.7,78.1,69.8,67.5,59.8,79.2,88.0,75.0,60.0,1.0,35.0,30.0,17.4,27.0,Mexico,122.3,"$2,315.7 ",2.5,2.5,"$18,938.3",4.0,2.8,"26,738.6",58.1,,,64.8
155,MOLDOVA,2017,1460,66,1526,0.9567496723460026,112.0,MOLDOVA,Moldova,Europe,110.0,41.0,58.0,49.6,23.9,28.6,86.1,54.8,90.6,65.9,38.9,72.0,80.0,55.0,50.0,2.5,18.0,12.0,30.4,38.3,Moldova,3.6,$17.8 ,-1.1,3.8,"$5,006",5.0,9.6,228.5,42.0,,,
156,MOLDOVA,2018,2542,85,2627,0.9676437000380662,112.0,MOLDOVA,Moldova,Europe,105.0,40.0,,53.5,26.3,26.6,85.3,56.7,90.0,66.0,39.9,73.2,78.3,55.0,50.0,3.4,18.0,12.0,31.6,38.0,Moldova,3.6,$18.9 ,-1.1,3.4,"$5,328.0",5.0,6.4,143.2,38.1,,,58.4
157,MONACO,2017,11,1,12,0.9166666666666666,,nan,nan,nan,,,,,,,,,,,,,,,,,,,,,nan,nan,nan,nan,,nan,nan,,nan,,,,
158,MONACO,2018,1,1,2,0.5,,nan,nan,nan,,,,,,,,,,,,,,,,,,,,,nan,nan,nan,nan,,nan,nan,,nan,,,,
159,MONGOLIA,2017,13899,2506,16405,0.8472416946053033,113.0,MONGOLIA,Mongolia,Asia-Pacific,129.0,29.0,54.8,51.3,28.4,36.8,87.1,57.6,0.0,67.2,76.6,72.3,74.9,45.0,60.0,5.0,10.0,25.0,23.7,33.8,Mongolia,3.0,$36.1 ,2.3,10.3,"$12,147",7.1,5.9,195.1,76.5,,,
160,MONGOLIA,2018,15854,2741,18595,0.8525947835439635,113.0,MONGOLIA,Mongolia,Asia-Pacific,125.0,27.0,,51.0,30.9,34.8,88.4,57.1,3.8,67.0,75.6,79.1,75.9,45.0,60.0,4.6,10.0,25.0,20.9,37.8,Mongolia,3.0,$37.0 ,2.3,7.0,"$12,274.9",6.7,0.5,"-4,072.1",90.0,,,55.7
161,MONTENEGRO,2017,1183,46,1229,0.9625711960943857,114.0,MONTENEGRO,Montenegro,Europe,83.0,35.0,62.0,58.0,50.4,43.4,83.1,33.1,44.3,72.0,67.4,82.5,84.7,75.0,50.0,2.6,9.0,9.0,39.1,48.0,Montenegro,0.6,$10.0 ,4.1,2.0,"$16,123",18.2,1.6,699.1,66.4,,,
162,MONTENEGRO,2018,1133,23,1156,0.9801038062283737,114.0,MONTENEGRO,Montenegro,Europe,68.0,33.0,,54.2,51.3,38.1,85.2,35.7,69.1,72.9,70.9,84.9,84.7,75.0,50.0,2.6,9.0,9.0,36.3,46.3,Montenegro,0.6,$10.4 ,4.1,1.7,"$16,643.2",17.5,-0.4,226.3,71.3,,,64.3
163,MOROCCO,2017,514872,93859,608731,0.8458120253445283,115.0,MOROCCO,Morocco,Middle East / North Africa,86.0,9.0,61.5,55.0,41.9,37.1,71.7,69.4,55.0,67.7,33.8,82.7,84.0,70.0,70.0,3.0,38.0,30.0,22.0,29.9,Morocco,33.5,$273.5 ,4.5,4.0,"$8,164",9.6,1.6,"3,162.3",63.7,,,
164,MOROCCO,2018,530764,119586,650350,0.8161205504728223,115.0,MOROCCO,Morocco,Middle East / North Africa,86.0,7.0,,53.8,44.3,41.3,70.5,70.5,60.6,69.6,36.0,82.3,79.4,65.0,70.0,2.8,38.0,30.0,24.6,31.4,Morocco,33.8,$281.8 ,4.5,3.2,"$8,330.4",10.0,1.6,"2,321.8",64.7,,,61.9
165,MOZAMBIQUE,2017,14270,845,15115,0.9440952695997353,116.0,MOZAMBIQUE,Mozambique,Sub-Saharan Africa,158.0,37.0,49.9,40.6,32.4,30.9,73.2,58.2,22.7,58.8,41.0,79.9,76.7,35.0,50.0,4.2,32.0,32.0,25.1,35.4,Mozambique,27.1,$33.2 ,6.3,7.0,"$1,186",22.3,2.4,"3,710.8",74.8,,,
166,MOZAMBIQUE,2018,15454,1089,16543,0.9341715529226864,116.0,MOZAMBIQUE,Mozambique,Sub-Saharan Africa,170.0,42.0,,35.4,36.3,28.2,70.6,60.7,0.0,58.0,37.8,66.7,76.7,35.0,50.0,4.2,32.0,32.0,29.8,36.2,Mozambique,28.8,$34.9 ,6.3,6.4,"$1,215.3",24.4,19.2,"3,093.4",115.2,,,46.3
167,MYANMAR,2017,9114,212,9326,0.9772678533133176,,nan,nan,nan,,,,,,,,,,,,,,,,,,,,,nan,nan,nan,nan,,nan,nan,,nan,,,,
168,MYANMAR,2018,9822,580,10402,0.9442414920207652,,nan,nan,nan,,,,,,,,,,,,,,,,,,,,,nan,nan,nan,nan,,nan,nan,,nan,,,,
169,NAMIBIA,2017,6691,74,6765,0.9890613451589061,117.0,NAMIBIA,Namibia,Sub-Saharan Africa,78.0,5.0,62.5,53.8,50.6,41.3,65.2,55.6,66.4,67.6,84.4,77.2,83.5,65.0,40.0,0.8,37.0,34.0,30.9,39.6,Namibia,2.2,$25.3 ,4.5,5.3,"$11,408",25.5,3.4,"1,077.8",27.2,,,
170,NAMIBIA,2018,6044,113,6157,0.9816469059606951,117.0,NAMIBIA,Namibia,Sub-Saharan Africa,103.0,11.0,,56.6,54.2,45.4,63.0,50.4,16.5,67.5,85.5,74.8,83.3,65.0,40.0,0.9,37.0,34.0,34.3,40.7,Namibia,2.3,$26.0 ,4.5,4.5,"$11,289.7",25.6,6.7,274.9,42.1,,,58.5
171,NEPAL,2017,8444,2755,11199,0.7539958924904009,118.0,NEPAL,Nepal,Asia-Pacific,125.0,26.0,55.1,37.3,32.0,26.7,84.9,89.5,98.4,64.6,47.6,72.2,68.1,10.0,30.0,10.9,25.0,25.0,16.1,19.9,Nepal,28.4,$70.1 ,3.4,4.2,"$2,465",3.1,7.2,51.4,28.7,,,
172,NEPAL,2018,7951,2474,10425,0.7626858513189448,118.0,NEPAL,Nepal,Asia-Pacific,133.0,32.0,,37.5,36.2,24.6,84.2,87.6,98.5,64.6,43.5,65.8,66.6,10.0,30.0,11.7,25.0,25.0,18.3,20.3,Nepal,28.9,$71.5 ,3.4,3.6,"$2,478.9",3.2,9.9,105.9,27.3,,,54.1
173,NEW ZEALAND,2017,2176,37,2213,0.9832806145503841,120.0,NEW ZEALAND,NewZealand,Asia-Pacific,3.0,3.0,83.7,96.1,88.5,89.9,70.8,46.5,97.8,91.8,86.2,90.1,87.4,80.0,80.0,1.3,33.0,28.0,32.4,41.9,New Zealand,4.6,$168.2 ,3.4,2.5,"$36,172",5.9,0.3,-985.8,30.4,,,
174,NEW ZEALAND,2018,1912,40,1952,0.9795081967213115,120.0,NEW ZEALAND,NewZealand,Asia-Pacific,3.0,3.0,,95.1,88.4,95.7,70.5,49.5,98.3,91.5,84.4,90.0,87.4,80.0,80.0,1.3,33.0,28.0,32.8,41.0,New Zealand,4.7,$177.0 ,3.4,2.9,"$37,294.0",5.2,0.6,"2,291.6",29.5,,,84.2
175,NICARAGUA,2017,2,1,3,0.6666666666666666,121.0,NICARAGUA,Nicaragua,Americas,98.0,20.0,59.2,31.1,15.9,27.4,77.2,80.8,96.1,59.0,55.6,71.2,81.0,65.0,50.0,2.0,30.0,30.0,21.9,26.4,Nicaragua,6.3,$31.3 ,4.5,5.0,"$4,997",6.0,4.0,835.0,31.2,,,
176,NIGER,2017,5566,587,6153,0.9045993824150821,122.0,NIGER,Niger,Sub-Saharan Africa,154.0,36.0,50.8,33.8,22.6,35.0,76.3,73.4,38.5,39.1,46.1,83.3,66.4,55.0,40.0,9.3,35.0,30.0,15.5,31.1,Niger,17.6,$19.1 ,4.0,6.1,"$1,080",2.8,1.0,525.0,43.5,,,
177,NIGER,2018,6080,785,6865,0.8856518572469045,122.0,NIGER,Niger,Sub-Saharan Africa,160.0,36.0,,37.4,32.6,30.4,73.3,72.9,15.8,45.5,45.7,83.5,61.5,55.0,40.0,11.8,35.0,30.0,23.4,30.1,Niger,18.2,$20.1 ,4.0,6.5,"$1,107.2",2.6,1.1,292.8,45.9,,,49.5
178,NIGERIA,2017,38532,44013,82545,0.4667999273123751,123.0,NIGERIA,Nigeria,Sub-Saharan Africa,115.0,16.0,57.1,35.3,33.2,12.2,85.2,95.2,87.2,48.9,73.9,71.3,62.3,40.0,40.0,11.3,24.0,30.0,2.8,11.8,Nigeria,178.7,"$1,091.7 ",2.7,4.7,"$6,108",5.8,9.0,"3,064.2",11.5,,,
179,NIGERIA,2018,43968,44270,88238,0.4982887191459462,123.0,NIGERIA,Nigeria,Sub-Saharan Africa,104.0,12.0,,38.0,39.6,14.4,84.4,96.3,80.9,49.3,81.5,66.9,65.5,45.0,40.0,9.8,24.0,30.0,9.0,11.0,Nigeria,183.6,"$1,091.2 ",2.7,3.4,"$5,942.4",5.0,15.7,"4,448.7",18.6,,,58.5
180,NORTH KOREA,2017,167,52,219,0.7625570776255708,,nan,nan,nan,,,,,,,,,,,,,,,,,,,,,nan,nan,nan,nan,,nan,nan,,nan,,,,
181,NORTH KOREA,2018,143,22,165,0.8666666666666667,,nan,nan,nan,,,,,,,,,,,,,,,,,,,,,nan,nan,nan,nan,,nan,nan,,nan,,,,
182,NORTH MACEDONIA,2018,10839,3035,13874,0.7812454951708231,,nan,nan,nan,,,,,,,,,,,,,,,,,,,,,nan,nan,nan,nan,,nan,nan,,nan,,,,
183,OMAN,2017,34010,1322,35332,0.962583493716744,125.0,OMAN,Oman,Middle East / North Africa,82.0,8.0,62.1,60.8,52.3,47.6,98.5,20.5,36.3,68.4,70.3,80.6,85.2,65.0,60.0,2.4,0.0,12.0,2.6,59.7,Oman,4.2,$171.4 ,4.1,4.3,"$44,628",6.3,0.2,821.8,20.6,,,
184,OMAN,2018,36552,1912,38464,0.9502911813643927,125.0,OMAN,Oman,Middle East / North Africa,93.0,8.0,,59.5,57.4,51.5,98.5,25.0,17.7,76.3,55.2,79.2,86.2,65.0,60.0,1.9,0.0,12.0,8.5,50.0,Oman,4.0,$184.8 ,4.1,4.7,"$46,698.0",17.5,1.1,142.0,34.3,,,61.0
185,PAKISTAN,2017,51765,27941,79706,0.6494492259052016,126.0,PAKISTAN,Pakistan,Asia-Pacific,141.0,32.0,52.8,36.4,34.1,30.5,78.9,87.3,30.8,61.2,37.8,74.8,67.2,55.0,40.0,8.9,30.0,33.0,11.0,19.8,Pakistan,190.0,$931.0 ,4.2,3.9,"$5,000",5.4,4.5,864.7,64.4,,,
186,PAKISTAN,2018,56684,31085,87769,0.6458316717747724,126.0,PAKISTAN,Pakistan,Asia-Pacific,131.0,31.0,,36.0,34.0,27.3,78.5,88.2,54.0,55.3,40.6,77.7,65.9,55.0,40.0,9.5,30.0,33.0,12.6,19.8,Pakistan,193.6,$988.2 ,4.2,4.1,"$5,105.6",5.9,2.9,"2,006.0",66.9,,,54.4
187,PALESTINIAN AUTHORITY,2017,5516,534,6050,0.9117355371900826,,nan,nan,nan,,,,,,,,,,,,,,,,,,,,,nan,nan,nan,nan,,nan,nan,,nan,,,,
188,PALESTINIAN AUTHORITY,2018,5459,775,6234,0.8756817452678858,,nan,nan,nan,,,,,,,,,,,,,,,,,,,,,nan,nan,nan,nan,,nan,nan,,nan,,,,
189,PANAMA,2017,3313,1657,4970,0.6665995975855131,127.0,PANAMA,Panama,Americas,54.0,8.0,66.3,61.1,21.5,40.9,85.2,83.1,84.9,74.4,43.0,78.4,77.8,75.0,70.0,6.1,25.0,25.0,15.2,23.2,Panama,4.0,$87.2 ,5.8,7.9,"$21,765",5.2,0.1,"5,038.6",38.8,,,
190,PANAMA,2018,4904,1563,6467,0.7583114272460183,127.0,PANAMA,Panama,Americas,54.0,10.0,,60.9,29.4,38.8,85.0,84.1,86.1,74.4,43.5,79.5,77.8,75.0,70.0,6.1,25.0,25.0,15.8,23.1,Panama,4.0,$92.9 ,5.8,6.5,"$23,023.9",5.8,0.7,"5,209.3",39.2,,,67.0
191,PARAGUAY,2017,39,1,40,0.975,129.0,PARAGUAY,Paraguay,Americas,80.0,17.0,62.4,38.2,23.3,32.6,96.2,83.0,95.1,62.4,28.5,78.3,76.6,75.0,60.0,4.2,10.0,10.0,13.5,24.4,Paraguay,7.0,$61.0 ,3.0,5.0,"$8,708",4.9,2.9,282.7,23.8,,,
192,PARAGUAY,2018,42,6,48,0.875,129.0,PARAGUAY,Paraguay,Americas,82.0,17.0,,38.3,28.2,28.3,96.1,82.2,97.1,62.2,29.9,72.4,76.1,75.0,60.0,4.4,10.0,10.0,13.8,24.4,Paraguay,6.9,$64.4 ,3.0,4.9,"$9,396.0",5.4,4.1,273.6,24.7,,,62.1
193,PERU,2017,811,46,857,0.9463243873978997,130.0,PERU,Peru,Americas,43.0,7.0,68.9,58.3,28.2,38.8,80.3,85.1,98.4,69.4,62.8,83.3,87.1,75.0,60.0,1.4,30.0,28.0,16.8,22.6,Peru,31.9,$389.1 ,3.3,4.8,"$12,195",3.5,3.5,"6,861.2",23.1,,,
194,PERU,2018,743,42,785,0.9464968152866242,130.0,PERU,Peru,Americas,43.0,7.0,,56.9,33.5,36.6,80.6,85.6,94.7,69.2,62.4,83.1,87.1,75.0,60.0,1.4,30.0,28.0,15.9,21.9,Peru,31.5,$406.2 ,3.3,4.3,"$12,903.1",4.9,3.6,"6,862.9",24.8,,,68.7
195,PHILIPPINES,2017,157856,12017,169873,0.929258916955608,131.0,PHILIPPINES,Philippines,Asia-Pacific,58.0,14.0,65.6,49.2,37.1,38.7,78.9,89.4,97.2,62.6,57.2,80.6,76.4,60.0,60.0,4.3,32.0,30.0,13.6,19.4,Philippines,101.4,$741.0 ,5.8,5.9,"$7,254",6.7,1.4,"5,234.0",37.1,,,
196,PHILIPPINES,2018,159944,14442,174386,0.9171837188765153,131.0,PHILIPPINES,Philippines,Asia-Pacific,61.0,13.0,,45.0,38.2,34.4,78.9,89.3,97.7,62.6,57.6,76.3,80.7,60.0,60.0,2.2,32.0,30.0,13.7,18.9,Philippines,104.2,$805.2 ,5.8,6.5,"$7,728.1",5.9,1.8,"7,912.2",33.7,,,65.0
197,QATAR,2017,76492,7106,83598,0.9149979664585277,134.0,QATAR,Qatar,Middle East / North Africa,29.0,2.0,73.1,74.8,63.0,59.0,99.6,71.2,97.4,68.1,65.4,80.6,83.1,55.0,60.0,3.4,0.0,0.0,6.3,33.1,Qatar,2.4,$319.8 ,3.3,6.0,"$132,099",0.2,1.7,"1,070.9",35.8,,,
198,QATAR,2018,83088,7205,90293,0.9202042240262257,134.0,QATAR,Qatar,Middle East / North Africa,29.0,2.0,,70.3,59.8,71.6,99.6,60.2,95.4,71.3,65.4,75.0,83.3,60.0,60.0,3.4,0.0,0.0,6.4,36.4,Qatar,2.6,$329.2 ,3.3,3.9,"$127,659.6",0.2,2.7,773.9,47.6,,,72.6
199,ROMANIA,2017,4360,406,4766,0.9148132605958875,135.0,ROMANIA,Romania,Europe,39.0,20.0,69.7,63.9,58.5,45.9,87.4,65.3,90.9,65.9,62.5,83.6,87.0,75.0,50.0,1.5,16.0,16.0,27.4,34.3,Romania,19.8,$413.8 ,3.7,2.4,"$20,787",6.9,-0.6,"3,388.9",39.4,,,
200,ROMANIA,2018,4477,339,4816,0.929609634551495,135.0,ROMANIA,Romania,Europe,37.0,19.0,,61.0,59.7,40.0,87.3,66.9,91.1,65.2,66.8,82.8,86.9,75.0,50.0,1.6,16.0,16.0,27.5,33.2,Romania,19.8,$441.6 ,3.7,3.2,"$22,347.9",6.4,-1.6,"4,573.0",39.2,,,69.4
201,RUSSIAN FEDERATION,2017,3827218,52780,3879998,0.9863969002045877,,nan,nan,nan,,,,,,,,,,,,,,,,,,,,,nan,nan,nan,nan,,nan,nan,,nan,,,,
202,RUSSIAN FEDERATION,2018,3632523,57432,3689955,0.9844355825477547,,nan,nan,nan,,,,,,,,,,,,,,,,,,,,,nan,nan,nan,nan,,nan,nan,,nan,,,,
203,RWANDA,2017,5545,1522,7067,0.7846328003396066,137.0,RWANDA,Rwanda,Sub-Saharan Africa,51.0,3.0,67.6,64.4,68.8,45.9,79.8,77.3,83.3,59.0,81.8,80.0,70.3,60.0,40.0,7.4,30.0,30.0,14.9,27.2,Rwanda,11.4,$20.4 ,6.9,7.0,"$1,807",2.4,2.5,471.2,34.6,,,
204,RWANDA,2018,7281,1725,9006,0.8084610259826782,137.0,RWANDA,Rwanda,Sub-Saharan Africa,39.0,3.0,,69.8,79.6,61.2,75.8,77.7,82.3,55.0,81.2,76.5,70.7,60.0,40.0,7.2,30.0,30.0,25.0,27.2,Rwanda,11.5,$22.8 ,6.9,7.2,"$1,976.8",2.5,5.7,409.8,37.6,,,69.1
205,SAINT LUCIA,2017,436,20,456,0.956140350877193,,nan,nan,nan,,,,,,,,,,,,,,,,,,,,,nan,nan,nan,nan,,nan,nan,,nan,,,,
206,SAINT LUCIA,2018,502,21,523,0.9598470363288719,138.0,SAINT LUCIA,SaintLucia,Americas,51.0,9.0,,67.9,69.2,50.9,75.5,72.4,67.7,76.6,69.5,81.7,74.3,65.0,40.0,7.8,30.0,30.0,25.5,30.3,Saint Lucia,0.2,$2.1 ,1.6,0.3,"$11,782.9",19.8,-1.7,94.6,82.9,,,67.6
207,SAN MARINO,2017,522,3,525,0.9942857142857143,,nan,nan,nan,,,,,,,,,,,,,,,,,,,,,nan,nan,nan,nan,,nan,nan,,nan,,,,
208,SAN MARINO,2018,435,2,437,0.9954233409610984,,nan,nan,nan,,,,,,,,,,,,,,,,,,,,,nan,nan,nan,nan,,nan,nan,,nan,,,,
209,SAO TOME AND PRINCIPE,2017,2960,766,3726,0.7944176060118089,,nan,nan,nan,,,,,,,,,,,,,,,,,,,,,nan,nan,nan,nan,,nan,nan,,nan,,,,
210,SAO TOME AND PRINCIPE,2018,2950,554,3504,0.8418949771689498,,nan,nan,nan,,,,,,,,,,,,,,,,,,,,,nan,nan,nan,nan,,nan,nan,,nan,,,,
211,SAUDI ARABIA,2017,311955,18200,330155,0.944874377186473,142.0,SAUDI ARABIA,SaudiArabia,Middle East / North Africa,64.0,7.0,64.4,62.0,65.0,45.9,99.7,54.5,65.7,73.8,68.5,70.1,78.2,40.0,50.0,3.4,2.5,2.5,4.6,40.9,Saudi Arabia,31.4,"$1,683.0 ",3.4,5.0,"$53,624",5.8,2.2,"8,141.0",5.8,,,
212,SAUDI ARABIA,2018,327626,27314,354940,0.9230461486448414,142.0,SAUDI ARABIA,SaudiArabia,Middle East / North Africa,98.0,9.0,,53.1,60.2,49.9,99.7,52.0,19.7,74.0,64.8,73.8,78.2,40.0,50.0,3.4,2.5,2.5,8.7,40.0,Saudi Arabia,31.7,"$1,750.9 ",3.4,3.5,"$55,158.2",5.5,3.5,"7,452.5",12.4,,,59.6
213,SENEGAL,2017,40928,26274,67202,0.6090294931698461,143.0,SENEGAL,Senegal,Sub-Saharan Africa,120.0,21.0,55.9,44.0,39.3,42.1,70.9,74.3,51.8,50.8,38.9,86.0,73.1,60.0,40.0,8.5,40.0,30.0,20.2,29.9,Senegal,15.0,$36.7 ,6.5,4.2,"$2,451",9.3,0.1,345.2,56.8,,,
214,SENEGAL,2018,42301,29710,72011,0.5874241435336268,143.0,SENEGAL,Senegal,Sub-Saharan Africa,126.0,21.0,,41.3,40.4,42.6,68.5,72.7,58.4,51.5,41.4,84.7,66.7,60.0,40.0,11.6,40.0,30.0,25.5,30.2,Senegal,15.4,$39.7 ,6.5,5.1,"$2,576.6",9.5,0.9,392.8,57.4,,,55.7
215,SERBIA,2017,6665,199,6864,0.9710081585081585,144.0,SERBIA,Serbia,Europe,99.0,39.0,58.9,50.3,40.2,38.2,83.3,40.3,46.9,62.9,65.9,80.8,77.8,70.0,50.0,6.1,15.0,15.0,35.0,44.7,Serbia,7.2,$97.5 ,0.7,0.4,"$13,671",19.0,1.4,"2,346.6",77.4,,,
216,SERBIA,2018,8057,233,8290,0.9718938480096502,144.0,SERBIA,Serbia,Europe,80.0,37.0,,46.2,48.2,36.5,83.5,40.6,67.0,68.3,69.2,82.9,87.4,70.0,50.0,1.3,15.0,15.0,34.6,44.5,Serbia,7.0,$101.8 ,0.7,0.7,"$14,493.1",16.5,1.1,"2,298.8",74.1,,,62.5
217,SEYCHELLES,2017,217,7,224,0.96875,145.0,SEYCHELLES,Seychelles,Sub-Saharan Africa,85.0,7.0,61.8,55.2,42.6,44.3,78.8,63.9,90.7,63.4,55.9,78.3,83.4,55.0,30.0,3.3,15.0,33.0,28.4,32.3,Seychelles,0.1,$2.4 ,4.4,4.9,"$26,277",nan,4.0,194.5,68.1,,,
218,SINGAPORE,2017,30007,400,30407,0.9868451343440655,147.0,SINGAPORE,Singapore,Asia-Pacific,2.0,2.0,88.6,97.1,91.5,87.9,90.5,90.1,80.7,95.1,90.8,84.3,90.0,85.0,80.0,0.0,22.0,17.0,13.4,20.3,Singapore,5.5,$471.9 ,2.0,4.0,"$85,253",3.3,-0.5,"65,262.4",98.2,,,
219,SINGAPORE,2018,32374,533,32907,0.9838028383018811,147.0,SINGAPORE,Singapore,Asia-Pacific,2.0,2.0,,98.4,90.9,91.2,90.4,90.6,80.0,90.9,92.6,85.2,90.0,85.0,80.0,0.0,22.0,17.0,13.6,17.7,Singapore,5.6,$492.6 ,2.0,3.3,"$87,855.4",1.8,-0.5,"61,596.7",112.0,,,88.8
220,SLOVAKIA,2017,63,1,64,0.984375,,nan,nan,nan,,,,,,,,,,,,,,,,,,,,,nan,nan,nan,nan,,nan,nan,,nan,,,,
221,SLOVAKIA,2018,32,1,33,0.9696969696969697,148.0,SLOVAKIA,Slovakia,Europe,59.0,29.0,,68.2,38.8,38.2,78.9,44.3,84.9,63.9,54.0,81.0,86.9,75.0,70.0,1.6,25.0,21.0,32.3,43.1,Slovak Republic,5.4,$170.1 ,3.6,2.6,"$31,338.8",10.0,-0.5,-295.4,52.3,,,65.3
222,SOUTH AFRICA,2017,201554,4273,205827,0.9792398470560227,151.0,SOUTH AFRICA,SouthAfrica,Sub-Saharan Africa,81.0,6.0,62.3,67.6,59.7,47.6,70.2,68.4,70.0,62.0,58.9,75.8,77.3,40.0,50.0,3.9,41.0,28.0,22.6,33.7,South Africa,54.9,$723.5 ,1.3,2.1,"$13,165",25.1,4.6,"1,772.4",50.1,,,
223,SOUTH AFRICA,2018,215321,5403,220724,0.975521465721897,151.0,SOUTH AFRICA,SouthAfrica,Sub-Saharan Africa,77.0,4.0,,67.7,65.9,45.4,62.5,68.1,74.6,65.1,60.1,74.6,71.6,50.0,50.0,4.2,45.0,28.0,30.6,32.6,South Africa,55.9,$739.4 ,1.3,1.6,"$13,225.4",25.9,6.3,"2,270.4",50.5,,,63.0
224,SOUTH KOREA,2017,2990,275,3265,0.9157733537519143,,nan,nan,nan,,,,,,,,,,,,,,,,,,,,,nan,nan,nan,nan,,nan,nan,,nan,,,,
225,SOUTH KOREA,2018,3726,295,4021,0.9266351653817458,,nan,nan,nan,,,,,,,,,,,,,,,,,,,,,nan,nan,nan,nan,,nan,nan,,nan,,,,
226,SOUTH SUDAN,2017,10,2,12,0.8333333333333334,,nan,nan,nan,,,,,,,,,,,,,,,,,,,,,nan,nan,nan,nan,,nan,nan,,nan,,,,
227,SRI LANKA,2017,31147,6607,37754,0.8249986756370186,153.0,SRI LANKA,SriLanka,Asia-Pacific,112.0,25.0,57.4,48.0,48.3,30.0,85.3,90.2,31.2,72.8,57.5,76.0,74.5,35.0,40.0,5.3,24.0,28.0,10.7,18.3,Sri Lanka,21.1,$223.0 ,5.2,6.1,"$10,566",4.7,0.9,681.2,74.4,,,
228,SRI LANKA,2018,29014,7304,36318,0.7988876039429484,153.0,SRI LANKA,SriLanka,Asia-Pacific,111.0,25.0,,46.5,52.0,30.7,84.9,89.3,24.9,76.2,60.1,74.0,74.5,40.0,40.0,5.3,24.0,28.0,12.1,18.9,Sri Lanka,21.3,$260.6 ,5.2,5.3,"$12,262.3",5.0,3.7,898.1,77.3,,,57.8
229,SUDAN,2017,7959,2487,10446,0.7619184376794945,154.0,SUDAN,Sudan,Sub-Saharan Africa,164.0,40.0,48.8,31.1,19.8,18.9,86.5,95.1,85.5,53.9,49.7,59.3,50.5,15.0,20.0,14.7,10.0,35.0,5.2,12.5,Sudan,38.4,$167.0 ,3.5,1.2,"$4,344",13.6,16.9,"1,736.8",68.9,,,
230,SUDAN,2018,8165,2717,10882,0.7503216320529315,154.0,SUDAN,Sudan,Sub-Saharan Africa,161.0,37.0,,27.8,21.4,21.2,85.9,95.3,87.2,52.3,58.8,62.2,56.1,5.0,20.0,12.0,10.0,35.0,9.0,12.5,Sudan,39.6,$176.1 ,3.5,2.3,"$4,446.8",13.3,17.8,"1,063.8",64.2,,,49.4
231,SURINAME,2017,17239,1630,18869,0.9136149239493349,155.0,SURINAME,Suriname,Americas,167.0,29.0,48.0,45.1,15.4,31.7,70.1,69.6,16.2,48.6,76.1,75.1,68.4,30.0,30.0,10.8,38.0,36.0,15.7,29.7,Suriname,0.6,$9.1 ,0.1,2.6,"$16,292",7.8,6.9,276.4,43.3,,,
232,SURINAME,2018,18029,1643,19672,0.9164802765351769,155.0,SURINAME,Suriname,Americas,166.0,29.0,,39.7,21.4,39.9,71.4,76.4,11.7,48.3,73.5,50.5,74.8,40.0,30.0,7.6,38.0,36.0,11.1,28.1,Suriname,0.6,$7.9 ,0.1,-1.4,"$13,988.2",10.0,55.5,221.8,64.6,,,48.1
233,SYRIA,2017,237,138,375,0.632,159.0,SYRIA,Syria,Middle East / North Africa,,,,37.3,22.6,30.0,,,0.0,66.4,55.7,,56.6,,,14.2,22.0,28.0,,,Syria,16.8,$68.00 ,-4.8,,nan,nan,29.6,nan,,,,
234,SYRIA,2018,255,154,409,0.6234718826405868,159.0,SYRIA,Syria,Middle East / North Africa,,,,36.7,22.1,23.1,,,13.8,61.8,59.2,44.2,56.6,0.0,,14.2,22.0,28.0,,,Syria,18.4,$21.0 (nominal),-4.8,,nan,14.3,44.5,nan,55.5,,,
235,TAIWAN,2017,794,46,840,0.9452380952380952,,nan,nan,nan,,,,,,,,,,,,,,,,,,,,,nan,nan,nan,nan,,nan,nan,,nan,,,,
236,TAIWAN,2018,1205,43,1248,0.9655448717948718,,nan,nan,nan,,,,,,,,,,,,,,,,,,,,,nan,nan,nan,nan,,nan,nan,,nan,,,,
237,TAJIKISTAN,2017,3428,431,3859,0.8883130344648873,161.0,TAJIKISTAN,Tajikistan,Asia-Pacific,109.0,23.0,58.2,45.5,45.6,32.7,90.9,74.1,95.8,65.6,49.2,69.8,73.9,25.0,30.0,5.6,13.0,15.0,22.8,32.0,Tajikistan,8.5,$23.3 ,3.0,6.4,"$2,749",10.9,5.8,226.8,35.9,,,
238,TAJIKISTAN,2018,3761,901,4662,0.8067353067353067,161.0,TAJIKISTAN,Tajikistan,Asia-Pacific,106.0,23.0,,46.8,50.3,38.2,91.8,71.4,90.4,63.4,52.2,69.6,70.6,25.0,30.0,7.2,13.0,15.0,20.6,30.9,Tajikistan,8.7,$26.0 ,3.0,6.9,"$3,007.6",10.8,5.9,434.2,35.3,,,58.3
239,TANZANIA,2017,9753,1290,11043,0.8831839174137462,162.0,TANZANIA,Tanzania,Sub-Saharan Africa,105.0,14.0,58.6,33.8,28.8,29.2,80.3,89.5,76.6,50.1,64.3,69.6,76.0,55.0,50.0,7.0,30.0,30.0,13.2,18.8,Tanzania,49.1,$138.5 ,7.0,6.8,"$2,904",3.2,5.6,"1,531.5",40.5,,,
240,TANZANIA,2018,10158,1614,11772,0.8628950050968399,162.0,TANZANIA,Tanzania,Sub-Saharan Africa,97.0,10.0,,38.0,34.7,31.8,79.8,89.8,79.0,50.0,63.9,70.3,76.9,55.0,50.0,6.5,30.0,30.0,15.0,18.5,Tanzania,48.6,$149.8 ,7.0,6.6,"$3,080.3",2.6,5.2,"1,365.4",39.0,,,59.9
241,THAILAND,2017,293527,9500,303027,0.9686496582812752,163.0,THAILAND,Thailand,Asia-Pacific,55.0,13.0,66.2,51.3,41.7,40.7,81.0,85.3,96.3,69.9,62.8,72.9,82.8,50.0,60.0,3.6,35.0,20.0,16.5,22.3,Thailand,68.8,"$1,108.1 ",2.8,2.9,"$16,097",1.1,-0.9,"10,844.6",43.1,,,
242,THAILAND,2018,319735,11102,330837,0.966442689300169,163.0,THAILAND,Thailand,Asia-Pacific,53.0,12.0,,48.6,45.3,34.7,81.3,85.5,96.4,77.2,62.6,75.5,83.1,55.0,60.0,3.5,35.0,20.0,15.7,22.0,Thailand,69.0,"$1,164.9 ",2.8,3.4,"$16,887.6",0.6,0.2,"1,554.2",42.2,,,67.1
243,TIMOR-LESTE,2017,71,3,74,0.9594594594594594,164.0,TIMOR-LESTE,TimorLeste,Asia-Pacific,173.0,42.0,46.3,6.8,10.3,29.2,64.7,65.6,20.0,72.2,63.9,77.5,80.0,45.0,20.0,2.5,10.0,10.0,61.5,51.2,Timor-Leste,1.3,$6.6 ,4.3,5.7,"$5,629",nan,0.6,43.0,0.0,,,
244,TIMOR-LESTE,2018,51,3,54,0.9444444444444444,164.0,TIMOR-LESTE,TimorLeste,Asia-Pacific,167.0,41.0,,29.9,13.8,32.0,97.4,30.9,20.0,66.9,62.7,78.4,80.0,45.0,20.0,2.5,10.0,10.0,8.0,48.0,Timor-Leste,1.2,$5.0 ,4.3,4.8,"$4,186.6",4.0,-1.3,5.5,0.0,,,48.1
245,TOGO,2017,6630,1846,8476,0.7822085889570553,165.0,TOGO,Togo,Sub-Saharan Africa,138.0,29.0,53.2,33.8,39.9,36.8,68.2,79.8,45.1,50.3,46.2,77.5,71.3,60.0,30.0,9.4,45.0,27.0,20.7,27.4,Togo,7.2,$10.8 ,5.3,5.4,"$1,483",7.7,1.8,52.7,61.9,,,
246,TOGO,2018,6613,2011,8624,0.7668135435992579,165.0,TOGO,Togo,Sub-Saharan Africa,168.0,41.0,,32.7,28.2,31.4,64.3,73.3,7.5,49.7,45.2,78.5,67.2,65.0,30.0,11.4,45.0,27.0,28.5,29.8,Togo,7.5,$11.6 ,5.3,5.5,"$1,550.3",6.8,0.9,254.9,79.1,,,47.8
247,TRINIDAD AND TOBAGO,2017,438,17,455,0.9626373626373627,167.0,TRINIDAD AND TOBAGO,TrinidadTobago,Americas,87.0,18.0,61.2,54.7,48.7,36.8,81.4,57.7,51.8,67.7,71.4,75.9,78.6,60.0,50.0,5.7,25.0,25.0,24.7,39.8,Trinidad and Tobago,1.4,$44.3 ,-1.8,0.1,"$32,636",3.8,4.7,"1,618.6",51.1,,,
248,TRINIDAD AND TOBAGO,2018,373,21,394,0.9467005076142132,167.0,TRINIDAD AND TOBAGO,TrinidadTobago,Americas,112.0,22.0,,54.9,49.8,33.1,83.5,54.4,12.6,68.3,74.5,77.4,73.5,60.0,50.0,8.3,25.0,25.0,20.0,39.0,Trinidad and Tobago,1.4,$43.6 ,-1.8,-0.5,"$31,870.3",3.9,3.4,-60.4,61.0,,,57.7
249,TUNISIA,2017,171693,34621,206314,0.8321926771813837,168.0,TUNISIA,Tunisia,Middle East / North Africa,123.0,10.0,55.7,49.6,39.9,37.3,73.7,73.4,53.4,80.6,56.1,75.9,63.8,35.0,30.0,13.1,35.0,30.0,22.5,27.7,Tunisia,11.1,$127.0 ,0.8,1.5,"$11,428",14.8,4.9,"1,001.7",54.5,,,
250,TUNISIA,2018,186569,42645,229214,0.8139511548160234,168.0,TUNISIA,Tunisia,Middle East / North Africa,99.0,10.0,,49.4,41.7,36.8,73.0,75.5,61.6,81.4,52.9,77.2,82.1,45.0,30.0,3.9,35.0,30.0,24.0,28.6,Tunisia,11.2,$130.6 ,0.8,2.1,"$11,634.1",14.8,3.7,957.6,60.6,,,58.9
251,TURKEY,2017,905141,63185,968326,0.9347482149606641,169.0,TURKEY,Turkey,Europe,60.0,29.0,65.2,61.3,52.5,40.7,75.5,57.7,95.7,64.3,48.5,72.2,79.4,75.0,60.0,2.8,35.0,20.0,28.7,37.0,Turkey,77.7,"$1,588.8 ",3.8,4.4,"$20,438",10.3,7.7,"16,508.0",32.6,,,
252,TURKEY,2018,800828,74366,875194,0.9150291249711493,169.0,TURKEY,Turkey,Europe,58.0,28.0,,54.7,54.5,42.0,74.7,68.1,93.6,63.3,47.6,72.3,78.6,75.0,60.0,3.2,35.0,20.0,30.0,32.6,Turkey,79.8,"$1,988.3 ",3.8,5.5,"$24,911.8",10.3,7.8,"11,987.0",29.1,,,65.4
253,TURKMENISTAN,2017,5122,105,5227,0.9799119954084561,170.0,TURKMENISTAN,Turkmenistan,Asia-Pacific,170.0,41.0,47.4,32.4,5.0,29.6,95.3,92.3,98.9,30.0,20.0,74.8,80.0,0.0,10.0,0.0,10.0,8.0,17.4,16.2,Turkmenistan,5.9,$88.6 ,6.5,10.6,"$16,445",10.0,5.5,"4,258.8",23.3,,,
254,TURKMENISTAN,2018,5318,133,5451,0.975600807191341,170.0,TURKMENISTAN,Turkmenistan,Asia-Pacific,169.0,42.0,,29.8,5.0,27.3,95.9,92.2,98.6,30.0,20.0,76.3,80.0,0.0,10.0,0.0,10.0,8.0,15.6,16.1,Turkmenistan,5.5,$95.5 ,6.5,8.8,"$17,485.2",8.6,3.5,"4,522.5",23.9,,,47.1
255,UGANDA,2017,10933,2306,13239,0.8258176599441045,171.0,UGANDA,Uganda,Sub-Saharan Africa,91.0,9.0,60.9,39.3,34.6,28.7,73.7,91.0,78.1,42.4,84.6,80.3,78.3,60.0,40.0,5.9,40.0,30.0,11.4,18.0,Uganda,39.2,$79.9 ,5.0,4.7,"$2,003",3.6,5.8,"1,057.3",35.4,,,
256,UGANDA,2018,10566,2500,13066,0.8086637073320068,171.0,UGANDA,Uganda,Sub-Saharan Africa,83.0,5.0,,43.5,40.3,28.3,73.0,90.9,80.7,45.4,83.9,80.5,78.1,60.0,40.0,5.9,40.0,30.0,14.3,17.4,Uganda,41.1,$85.0 ,5.0,4.3,"$2,068.2",2.3,5.5,541.2,36.9,,,62.0
257,UKRAINE,2017,694727,26932,721659,0.962680434942265,172.0,UKRAINE,Ukraine,Europe,166.0,44.0,48.1,41.4,22.6,29.2,78.6,38.2,67.9,62.1,48.8,47.4,85.9,25.0,30.0,2.1,20.0,18.0,37.6,43.2,Ukraine,42.7,$339.5 ,-9.9,-2.1,"$7,971",9.9,48.7,"2,961.0",80.2,,,
258,UKRAINE,2018,182540,8947,191487,0.9532762015175965,172.0,UKRAINE,Ukraine,Europe,150.0,44.0,,41.0,29.5,29.0,80.2,45.0,75.9,62.7,52.8,60.1,81.1,35.0,30.0,1.9,20.0,18.0,35.5,42.8,Ukraine,42.5,$353.0 ,-9.9,-2.8,"$8,305.1",8.9,13.9,"3,336.0",81.2,,,51.9
259,UNITED ARAB EMIRATES,2017,169715,34121,203836,0.8326056241292019,173.0,UNITED ARAB EMIRATES,UnitedArabEmirates,Middle East / North Africa,8.0,1.0,76.9,76.7,85.0,74.2,96.4,67.4,99.2,81.1,80.9,78.4,83.5,40.0,60.0,3.2,0.0,0.0,19.0,35.9,United Arab Emirates,9.6,$647.8 ,3.9,5.0,"$67,617",3.7,4.1,"10,975.8",19.4,,,
260,UNITED ARAB EMIRATES,2018,176439,38931,215370,0.8192366624878117,173.0,UNITED ARAB EMIRATES,UnitedArabEmirates,Middle East / North Africa,10.0,1.0,,76.3,83.4,77.3,98.4,70.9,99.0,79.9,81.1,80.2,84.3,40.0,60.0,2.8,0.0,0.0,12.8,31.2,United Arab Emirates,9.9,$668.9 ,3.9,4.3,"$67,870.8",3.7,1.8,"8,985.7",19.3,,,77.6
261,UNITED KINGDOM,2017,259242,3647,262889,0.986127224798299,174.0,UNITED KINGDOM,UnitedKingdom,Europe,12.0,4.0,76.4,93.8,93.0,78.3,65.1,41.9,40.4,89.9,72.8,85.0,87.0,90.0,80.0,1.5,45.0,20.0,32.6,43.2,United Kingdom,64.9,"$2,679.3 ",2.2,2.1,"$41,159",5.5,0.1,"39,532.8",89.3,,,
262,UNITED KINGDOM,2018,266158,4214,270372,0.9844140665453524,174.0,UNITED KINGDOM,UnitedKingdom,Europe,8.0,4.0,,92.2,93.8,79.0,65.2,44.4,53.5,91.1,74.4,85.2,86.9,90.0,80.0,1.6,45.0,20.0,32.5,43.0,United Kingdom,65.6,"$2,785.6 ",2.2,2.1,"$42,480.7",4.8,0.6,"253,825.8",89.2,,,78.0
263,URUGUAY,2017,22,2,24,0.9166666666666666,176.0,URUGUAY,Uruguay,Americas,38.0,5.0,69.7,70.2,66.8,70.3,77.5,69.4,77.2,74.8,62.9,71.3,80.6,85.0,30.0,4.7,30.0,25.0,26.9,31.8,Uruguay,3.4,$73.5 ,1.5,3.7,"$21,507",7.3,8.7,"1,647.2",61.8,,,
264,URUGUAY,2018,10,2,12,0.8333333333333334,176.0,URUGUAY,Uruguay,Americas,38.0,4.0,,69.3,67.0,71.6,78.0,68.6,71.1,74.4,64.4,70.7,80.4,85.0,30.0,4.8,30.0,25.0,26.0,32.4,Uruguay,3.5,$74.9 ,1.5,2.8,"$21,527.3",8.2,9.6,953.1,60.9,,,69.2
265,USA,2017,126894,1498,128392,0.9883326063929216,,nan,nan,nan,,,,,,,,,,,,,,,,,,,,,nan,nan,nan,nan,,nan,nan,,nan,,,,
266,USA,2018,141843,3188,145031,0.9780184925981342,,nan,nan,nan,,,,,,,,,,,,,,,,,,,,,nan,nan,nan,nan,,nan,nan,,nan,,,,
267,UZBEKISTAN,2017,25406,2596,28002,0.9072923362616956,177.0,UZBEKISTAN,Uzbekistan,Asia-Pacific,148.0,36.0,52.3,48.0,41.9,27.5,90.7,66.2,99.8,64.8,50.4,61.1,66.8,0.0,10.0,6.6,22.0,7.5,19.7,34.4,Uzbekistan,31.0,$187.9 ,8.0,8.1,"$6,068",10.1,8.5,"1,068.4",10.7,,,
268,UZBEKISTAN,2018,26537,4067,30604,0.8671088746569076,177.0,UZBEKISTAN,Uzbekistan,Asia-Pacific,152.0,37.0,,48.7,35.3,24.2,91.0,65.5,99.7,66.9,52.0,61.9,62.5,0.0,10.0,8.7,22.0,7.5,18.9,33.9,Uzbekistan,31.3,$205.7 ,8.0,8.0,"$6,562.6",8.9,8.0,66.5,11.6,,,51.5
269,VANUATU,2017,105,2,107,0.9813084112149533,178.0,VANUATU,Vanuatu,Asia-Pacific,52.0,12.0,67.4,65.5,33.0,70.5,97.0,80.4,99.1,51.4,58.1,74.8,73.9,65.0,40.0,5.5,0.0,0.0,17.2,32.9,Vanuatu,0.3,$0.7 ,-0.8,1.3,"$2,550",4.3,3.3,29.1,20.5,,,
270,VENEZUELA,2017,355,175,530,0.6698113207547169,179.0,VENEZUELA,Venezuela,Americas,179.0,32.0,27.0,6.8,10.3,11.6,72.5,51.5,15.2,39.7,28.5,16.8,60.7,0.0,10.0,9.7,34.0,34.0,20.9,41.0,Venezuela,30.9,$515.7 ,-5.7,0.3,"$16,673",8.0,121.7,"1,591.0",48.8,,,
271,VENEZUELA,2018,350,96,446,0.7847533632286996,179.0,VENEZUELA,Venezuela,Americas,179.0,32.0,,5.2,13.8,7.5,72.5,57.3,18.4,35.4,24.2,0.0,58.7,0.0,10.0,10.7,34.0,34.0,20.9,37.7,Venezuela,31.0,$427.0 ,-5.7,-4.2,"$13,760.6",6.9,254.9,"1,772.0",28.2,,,25.2
272,VIETNAM,2017,93876,10936,104812,0.8956608021982215,180.0,VIETNAM,Vietnam,Asia-Pacific,147.0,35.0,52.4,49.7,32.0,24.6,79.6,74.6,21.1,61.2,62.2,76.0,83.1,25.0,40.0,3.4,35.0,22.0,18.2,28.7,Vietnam,91.6,$552.3 ,6.7,5.9,"$6,024",2.1,0.6,"11,800.0",59.3,,,
273,VIETNAM,2018,113174,12030,125204,0.9039168077697198,180.0,VIETNAM,Vietnam,Asia-Pacific,141.0,35.0,,46.4,36.3,30.4,79.7,74.0,27.3,63.2,60.4,75.4,78.7,25.0,40.0,3.1,35.0,22.0,17.9,29.4,Vietnam,92.6,$595.5 ,6.7,5.9,"$6,428.6",2.2,2.7,"12,600.0",62.4,,,53.1
274,ZAMBIA,2017,5212,205,5417,0.9621561750046151,182.0,ZAMBIA,Zambia,Sub-Saharan Africa,122.0,23.0,55.8,49.6,39.8,35.0,73.1,81.6,21.6,66.6,48.2,70.7,78.3,55.0,50.0,3.4,35.0,35.0,15.5,25.6,Zambia,15.5,$62.7 ,3.6,5.4,"$3,868",10.7,10.1,"1,653.0",52.9,,,
275,ZAMBIA,2018,5510,287,5797,0.950491633603588,182.0,ZAMBIA,Zambia,Sub-Saharan Africa,132.0,23.0,,46.0,40.6,36.3,72.1,80.2,14.4,69.8,43.5,65.4,78.3,55.0,50.0,3.4,35.0,35.0,18.4,25.7,Zambia,16.7,$64.9 ,3.6,4.6,"$3,880.3",7.5,17.9,468.5,53.1,,,54.3
276,ZIMBABWE,2017,6207,751,6958,0.8920666858292613,183.0,ZIMBABWE,Zimbabwe,Sub-Saharan Africa,175.0,45.0,44.0,27.3,26.1,14.7,61.1,75.2,90.6,36.2,33.1,76.5,52.8,25.0,10.0,13.6,51.5,25.0,24.8,28.5,Zimbabwe,13.4,$28.1 ,1.5,6.5,"$2,096",9.3,-2.4,421.0,53.0,,,
277,ZIMBABWE,2018,6997,452,7449,0.9393207141898241,183.0,ZIMBABWE,Zimbabwe,Sub-Saharan Africa,174.0,44.0,,27.6,33.0,18.9,61.1,72.0,59.1,37.1,38.8,76.9,69.1,25.0,10.0,5.4,51.5,25.0,24.8,30.6,Zimbabwe,14.5,$28.6 ,1.5,4.1,"$1,970.3",5.1,-1.6,319.4,75.3,,,44.0
